file	fac1	fac2	fac3	fac4	fac5	fac6
fat000000	1	0	0	2	8	0
fat000001	0	0	-1	3	2	0
fat000002	0	2	-1	3	-1	0
fat000003	0	1	-1	3	1	0
fat000004	1	1	1	7	0	0
fat000005	1	0	-1	3	9	0
fat000006	3	2	4	1	0	0
fat000007	0	0	-1	5	3	0
fat000008	7	8	1	8	9	0
fat000009	2	7	1	4	2	1
fat000010	0	3	1	3	1	0
fat000011	0	0	-1	4	1	0
fat000012	1	0	0	3	0	0
fat000013	0	3	1	4	0	0
fat000014	1	0	0	1	0	0
fat000015	1	0	0	2	8	0
fat000016	0	0	0	1	2	0
fat000017	0	3	-3	5	0	0
fat000018	0	0	0	2	2	0
fat000019	1	0	-1	3	9	0
fat000020	1	2	0	0	0	0
fat000021	0	4	0	2	0	0
fat000022	0	3	1	0	1	0
fat000023	1	6	-1	1	0	0
fat000024	1	5	-1	0	0	1
fat000025	1	1	0	6	3	0
fat000026	0	1	-1	3	1	0
fat000027	0	3	1	4	0	0
fat000028	1	0	0	1	0	0
fat000029	3	0	1	4	5	0
fat000030	0	1	-2	7	0	0
fat000031	0	0	0	2	0	0
fat000032	1	1	-1	0	8	0
fat000033	3	2	1	3	2	2
fat000034	2	2	0	2	1	0
fat000035	1	3	0	1	1	0
fat000036	0	1	0	2	0	0
fat000037	0	1	-1	6	2	0
fat000038	0	2	-1	3	1	0
fat000039	0	2	-1	2	1	0
fat000040	0	1	0	2	0	0
fat000041	0	1	0	2	1	0
fat000042	0	1	0	2	1	0
fat000043	1	0	0	2	0	0
fat000044	0	0	0	3	0	0
fat000045	0	2	-1	4	1	0
fat000046	0	1	-1	5	0	0
fat000047	0	3	0	6	0	-1
fat000048	1	1	0	1	1	1
fat000049	1	1	2	4	1	-2
fat000050	0	4	0	5	1	1
fat000051	1	1	-1	6	1	1
fat000052	1	1	-1	3	0	1
fat000053	1	2	-2	1	0	0
fat000054	2	2	0	3	0	0
fat000055	0	5	1	1	0	0
fat000056	0	1	0	3	1	0
fat000057	0	1	0	3	1	0
fat000058	1	1	2	6	0	0
fat000059	1	1	1	4	0	0
fat000060	0	1	0	0	0	0
fat000061	0	0	0	4	0	1
fat000062	0	1	1	2	0	1
fat000063	0	0	0	2	0	0
fat000064	1	0	0	3	-1	0
fat000065	0	0	-1	3	0	0
fat000066	1	0	0	3	9	0
fat000067	0	5	-2	4	1	0
fat000068	0	5	0	6	0	0
fat000069	0	1	-1	0	5	0
fat000070	0	0	-1	3	1	0
fat000071	0	2	0	1	1	0
fat000072	0	0	-1	1	1	0
fat000073	0	3	-1	2	0	0
fat000074	0	1	0	12	0	2
fat000075	0	2	-1	11	0	0
fat000076	0	3	0	4	0	0
fat000077	1	3	4	2	1	2
fat000078	1	1	1	7	0	0
fat000079	1	6	-1	9	2	3
fat000080	2	2	2	11	1	-1
fat000081	0	1	0	8	0	1
fat000082	0	4	1	6	0	0
fat000083	0	3	1	7	1	1
fat000084	1	0	-1	3	9	0
fat000085	5	2	2	1	1	0
fat000086	1	1	-1	0	1	0
fat000087	2	0	1	0	1	0
fat000088	2	4	1	8	1	1
fat000089	1	2	1	3	1	0
fat000090	0	1	0	6	1	0
fat000091	1	1	0	8	0	0
fat000092	0	0	0	6	0	1
fat000093	2	3	2	11	2	0
fat000094	1	2	2	8	1	0
fat000095	1	1	0	9	2	0
fat000096	1	1	0	10	2	1
fat000097	1	1	1	3	4	0
fat000098	0	1	0	4	3	0
fat000099	2	3	2	11	2	0
fat000100	1	2	2	8	1	0
fat000101	1	1	1	9	1	0
fat000102	0	0	0	7	0	1
fat000103	1	1	0	4	2	0
fat000104	0	1	0	4	3	0
fat000105	1	2	0	2	5	0
fat000106	0	2	0	4	2	1
fat000107	1	1	0	3	5	0
fat000108	0	2	1	4	2	1
fat000109	0	2	1	4	1	0
fat000110	1	1	0	3	5	0
fat000111	0	2	0	5	2	1
fat000112	0	2	1	5	1	0
fat000113	0	3	1	4	1	0
fat000114	0	3	0	5	1	0
fat000115	0	3	0	6	2	0
fat000116	0	2	1	7	2	0
fat000117	0	3	0	6	2	0
fat000118	0	2	1	7	2	0
fat000119	0	1	-1	4	0	0
fat000120	1	4	3	11	0	-1
fat000121	1	3	0	10	3	0
fat000122	0	0	0	2	3	1
fat000123	0	1	0	0	3	0
fat000124	0	3	1	4	0	0
fat000125	1	0	0	1	0	0
fat000126	1	1	1	1	3	0
fat000127	1	0	0	2	8	0
fat000128	0	4	-4	7	2	0
fat000129	4	9	-1	12	6	2
fat000130	0	1	0	3	2	0
fat000131	2	1	1	8	1	0
fat000132	0	5	0	8	4	1
fat000133	0	1	0	6	1	0
fat000134	2	5	0	4	1	1
fat000135	0	0	0	4	0	0
fat000136	3	3	0	2	0	1
fat000137	11	2	1	3	1	0
fat000138	11	2	0	4	2	0
fat000139	2	0	1	3	1	0
fat000140	3	2	1	8	2	0
fat000141	0	1	-1	3	1	0
fat000142	1	0	-1	1	8	0
fat000143	0	1	0	2	0	0
fat000144	0	0	-1	3	0	0
fat000145	0	2	-1	1	1	0
fat000146	1	1	0	6	2	1
fat000147	0	2	0	6	2	1
fat000148	0	4	-1	0	2	1
fat000149	0	2	0	0	1	1
fat000150	1	4	0	8	3	0
fat000151	1	6	0	9	2	0
fat000152	2	2	0	4	0	1
fat000153	0	4	0	10	0	0
fat000154	0	0	0	6	0	1
fat000155	1	3	0	7	2	0
fat000156	0	0	1	5	1	0
fat000157	0	2	0	1	0	0
fat000158	0	2	0	3	1	0
fat000159	1	1	0	4	1	0
fat000160	2	3	-1	13	1	0
fat000161	1	2	0	7	1	0
fat000162	1	1	1	2	0	1
fat000163	0	2	0	4	2	0
fat000164	0	4	0	5	2	0
fat000165	0	2	0	2	1	1
fat000166	1	0	0	0	3	0
fat000167	1	1	1	4	2	0
fat000168	2	1	0	1	2	2
fat000169	1	4	-1	4	3	0
fat000170	0	3	-1	7	2	0
fat000171	1	5	1	4	1	0
fat000172	0	3	0	3	0	1
fat000173	1	2	-1	3	1	0
fat000174	1	5	-1	1	0	0
fat000175	0	2	-1	7	0	0
fat000176	2	6	0	5	1	0
fat000177	0	1	0	3	1	0
fat000178	1	2	0	3	1	0
fat000179	3	2	-1	1	0	1
fat000180	0	1	0	0	1	0
fat000181	1	2	0	1	1	0
fat000182	0	1	0	4	0	0
fat000183	0	4	-1	0	1	0
fat000184	3	0	0	3	1	0
fat000185	3	0	0	5	1	0
fat000186	0	0	0	6	2	0
fat000187	0	3	0	3	0	0
fat000188	0	3	-1	4	2	1
fat000189	0	2	0	2	1	0
fat000190	1	2	-1	4	0	0
fat000191	0	5	0	1	0	0
fat000192	0	1	0	5	0	0
fat000193	1	3	-1	3	0	0
fat000194	1	2	0	3	1	1
fat000195	1	1	-1	5	1	0
fat000196	0	1	0	7	1	0
fat000197	0	2	0	3	0	0
fat000198	0	2	0	1	0	1
fat000199	0	1	0	0	0	1
fat000200	0	2	-1	8	0	0
fat000201	0	4	-1	5	0	0
fat000202	1	2	-1	5	0	0
fat000203	0	2	-1	5	0	0
fat000204	1	0	0	9	1	0
fat000205	2	1	0	12	0	0
fat000206	0	0	0	3	0	0
fat000207	0	0	0	6	1	0
fat000208	0	2	0	1	3	0
fat000209	0	2	0	4	1	1
fat000210	0	2	0	2	0	1
fat000211	1	2	0	5	2	1
fat000212	1	1	0	6	3	0
fat000213	4	9	-1	13	6	2
fat000214	1	0	0	2	8	0
fat000215	0	3	-1	5	0	0
fat000216	0	0	0	2	-1	1
fat000217	0	3	1	3	1	0
fat000218	0	0	-1	4	1	1
fat000219	0	1	-1	2	1	0
fat000220	0	0	0	6	2	0
fat000221	1	0	-1	4	8	1
fat000222	0	1	-1	2	2	1
fat000223	5	1	3	1	2	0
fat000224	0	2	0	2	2	0
fat000225	0	2	0	7	2	1
fat000226	0	1	-1	4	2	0
fat000227	1	1	0	2	0	0
fat000228	0	2	0	2	2	0
fat000229	1	4	-1	1	2	0
fat000230	1	2	0	0	0	0
fat000231	0	1	0	1	0	1
fat000232	1	2	0	2	0	0
fat000233	0	1	0	1	1	0
fat000234	0	1	0	1	0	0
fat000235	1	2	0	1	1	1
fat000236	0	1	-1	0	1	1
fat000237	0	2	-1	0	0	0
fat000238	-1	0	-1	0	0	0
fat000239	0	1	0	0	2	0
fat000240	2	2	-1	12	3	0
fat000241	0	1	-1	2	3	0
fat000242	0	1	0	0	2	0
fat000243	0	0	3	2	0	0
fat000244	3	0	1	1	0	0
fat000245	0	1	0	4	0	0
fat000246	0	0	-1	0	0	0
fat000247	1	0	0	2	0	0
fat000248	0	2	0	3	0	0
fat000249	1	1	1	9	0	0
fat000250	1	0	0	7	0	0
fat000251	0	0	0	2	3	-1
fat000252	1	1	0	9	0	0
fat000253	1	1	0	0	1	0
fat000254	5	4	3	6	0	0
fat000255	1	2	0	5	1	0
fat000256	0	1	0	3	1	0
fat000257	2	1	1	3	2	0
fat000258	0	3	1	4	1	0
fat000259	0	1	0	0	0	0
fat000260	0	1	0	2	2	0
fat000261	0	0	0	2	0	0
fat000262	0	0	0	1	0	0
fat000263	0	0	0	2	0	0
fat000264	2	0	0	2	2	0
fat000265	1	2	0	3	1	0
fat000266	0	0	-1	0	2	1
fat000267	0	0	0	1	0	1
fat000268	0	1	0	0	0	1
fat000269	0	1	-1	4	1	0
fat000270	0	2	-1	1	0	0
fat000271	1	2	0	2	1	0
fat000272	3	5	3	1	0	1
fat000273	3	2	0	2	0	1
fat000274	1	0	0	0	1	1
fat000275	2	2	0	2	0	0
fat000276	1	2	0	1	0	0
fat000277	1	1	0	1	0	0
fat000278	1	3	0	0	1	0
fat000279	0	0	1	1	0	0
fat000280	0	3	-1	1	0	0
fat000281	1	3	1	5	1	0
fat000282	1	1	0	5	2	0
fat000283	0	1	0	2	2	0
fat000284	3	7	-1	8	5	2
fat000285	1	2	-1	1	1	0
fat000286	1	1	0	2	1	0
fat000287	0	2	0	0	1	0
fat000288	0	3	1	0	2	0
fat000289	0	0	0	1	1	0
fat000290	1	2	0	2	0	0
fat000291	1	1	0	0	3	0
fat000292	0	1	0	6	0	0
fat000293	0	0	-1	2	1	0
fat000294	0	9	0	8	2	0
fat000295	0	1	-1	3	2	0
fat000296	2	2	1	5	3	0
fat000297	1	5	2	7	2	1
fat000298	0	1	1	2	1	0
fat000299	1	0	1	2	0	0
fat000300	0	0	0	4	0	0
fat000301	1	1	0	6	1	1
fat000302	2	0	1	0	1	0
fat000303	0	1	0	3	2	0
fat000304	0	1	0	1	0	0
fat000305	0	1	0	4	0	0
fat000306	0	3	1	2	1	1
fat000307	1	2	0	1	0	0
fat000308	0	1	-1	1	0	0
fat000309	0	1	-1	4	1	0
fat000310	0	1	0	4	0	0
fat000311	1	0	0	1	1	0
fat000312	0	0	0	0	1	0
fat000313	0	0	0	1	1	0
fat000314	1	0	0	3	1	0
fat000315	2	2	0	2	1	0
fat000316	3	6	3	6	1	0
fat000317	1	5	0	1	1	0
fat000318	1	1	1	1	1	0
fat000319	0	2	-1	3	1	0
fat000320	0	4	-1	0	0	2
fat000321	0	1	-1	2	0	0
fat000322	0	4	0	2	1	1
fat000323	4	6	3	5	1	1
fat000324	2	3	0	4	0	0
fat000325	0	0	0	0	1	0
fat000326	2	0	1	3	0	2
fat000327	0	0	1	3	1	0
fat000328	0	1	0	7	1	0
fat000329	0	0	0	2	0	0
fat000330	3	2	0	3	2	1
fat000331	0	0	0	4	0	0
fat000332	0	0	1	6	0	0
fat000333	0	2	0	3	0	0
fat000334	0	2	0	3	1	0
fat000335	2	1	1	0	1	0
fat000336	0	0	0	6	1	0
fat000337	1	2	-1	4	0	0
fat000338	3	2	1	6	3	0
fat000339	1	1	0	3	2	0
fat000340	3	0	2	4	0	0
fat000341	0	3	1	3	0	0
fat000342	3	1	0	3	1	1
fat000343	0	0	0	0	0	0
fat000344	0	3	0	0	1	1
fat000345	1	0	0	0	0	-1
fat000346	0	0	-1	2	2	0
fat000347	1	1	0	6	3	0
fat000348	2	4	-1	5	1	0
fat000349	0	3	1	4	0	0
fat000350	0	0	-1	2	2	0
fat000351	0	2	0	2	2	0
fat000352	1	0	0	2	8	0
fat000353	0	0	-2	3	0	0
fat000354	0	2	-1	2	0	0
fat000355	0	1	0	4	0	0
fat000356	0	0	0	2	0	0
fat000357	0	1	0	1	0	0
fat000358	0	0	0	4	0	0
fat000359	0	1	1	7	1	0
fat000360	0	2	-1	0	0	0
fat000361	0	0	0	6	2	0
fat000362	0	3	-1	4	0	0
fat000363	0	0	0	4	0	0
fat000364	3	1	-1	1	1	0
fat000365	2	4	3	3	2	0
fat000366	1	1	0	5	0	1
fat000367	0	2	-1	3	1	0
fat000368	0	2	0	3	1	0
fat000369	0	1	0	6	1	0
fat000370	1	3	1	14	0	2
fat000371	1	2	0	6	0	0
fat000372	1	2	0	6	-1	0
fat000373	0	1	0	5	0	0
fat000374	0	0	0	6	0	0
fat000375	0	0	0	5	0	0
fat000376	0	2	1	5	0	0
fat000377	1	1	1	3	0	0
fat000378	1	0	0	6	0	0
fat000379	3	2	1	3	1	0
fat000380	2	1	1	4	0	0
fat000381	2	1	1	6	1	0
fat000382	0	0	0	8	1	1
fat000383	0	3	0	9	1	0
fat000384	0	4	-1	10	1	0
fat000385	0	1	1	4	1	1
fat000386	1	2	0	5	1	0
fat000387	0	1	0	7	1	0
fat000388	1	1	0	6	0	0
fat000389	1	2	-1	4	0	0
fat000390	0	1	0	7	0	0
fat000391	0	0	1	3	0	1
fat000392	0	2	0	3	1	1
fat000393	1	4	-1	0	0	0
fat000394	1	0	0	0	0	1
fat000395	0	0	0	3	0	0
fat000396	0	0	0	7	0	0
fat000397	0	2	-1	0	0	0
fat000398	0	1	-2	0	0	0
fat000399	4	4	0	11	1	1
fat000400	0	1	0	8	1	0
fat000401	0	1	-1	9	3	2
fat000402	0	1	0	4	1	0
fat000403	0	1	0	4	0	0
fat000404	0	1	-1	4	-1	0
fat000405	1	0	-1	2	0	0
fat000406	0	0	0	5	1	0
fat000407	0	2	0	2	0	0
fat000408	0	2	1	2	0	0
fat000409	0	0	0	4	1	1
fat000410	2	1	-1	5	2	0
fat000411	1	0	0	3	8	0
fat000412	0	0	-2	2	2	0
fat000413	0	2	-1	2	1	0
fat000414	0	5	0	1	1	0
fat000415	0	0	0	2	1	0
fat000416	1	3	1	4	2	0
fat000417	1	0	0	4	1	0
fat000418	0	0	-1	3	0	1
fat000419	1	0	0	2	8	0
fat000420	0	0	0	2	1	0
fat000421	5	0	0	3	0	0
fat000422	1	1	0	0	2	0
fat000423	2	0	0	4	0	0
fat000424	1	1	-1	1	1	0
fat000425	3	7	2	3	1	1
fat000426	1	2	1	0	2	0
fat000427	0	4	1	1	0	0
fat000428	1	5	0	7	1	0
fat000429	0	2	0	7	1	0
fat000430	0	1	0	8	1	0
fat000431	0	3	1	10	1	0
fat000432	2	2	1	3	1	1
fat000433	3	4	1	4	1	0
fat000434	1	5	1	1	0	0
fat000435	0	1	0	6	1	0
fat000436	0	1	0	5	1	0
fat000437	0	2	0	5	0	0
fat000438	2	1	1	4	1	0
fat000439	1	1	-1	4	0	1
fat000440	3	2	2	3	3	0
fat000441	0	1	0	8	2	0
fat000442	1	1	-1	4	1	0
fat000443	0	0	0	2	0	0
fat000444	0	0	-1	0	1	0
fat000445	0	0	0	1	0	0
fat000446	0	1	0	2	0	0
fat000447	1	1	0	8	1	0
fat000448	0	1	0	3	1	0
fat000449	1	1	0	8	0	0
fat000450	0	2	0	5	0	0
fat000451	0	1	0	2	0	0
fat000452	0	3	0	4	0	0
fat000453	1	1	0	2	0	0
fat000454	0	3	0	4	0	0
fat000455	2	0	0	9	0	0
fat000456	0	3	1	2	0	0
fat000457	0	6	0	4	1	0
fat000458	1	7	2	7	1	0
fat000459	0	2	0	8	0	0
fat000460	1	1	1	5	0	0
fat000461	0	3	-1	7	1	0
fat000462	0	2	-1	5	1	0
fat000463	0	3	0	5	0	0
fat000464	0	1	0	5	0	0
fat000465	0	1	0	6	0	0
fat000466	0	1	0	5	1	0
fat000467	0	1	0	8	0	0
fat000468	0	1	0	0	1	0
fat000469	0	1	0	1	1	0
fat000470	1	0	0	1	0	0
fat000471	0	2	1	1	0	0
fat000472	0	0	0	4	0	0
fat000473	1	1	0	3	2	0
fat000474	1	0	0	2	8	0
fat000475	3	3	2	5	1	0
fat000476	0	0	-2	3	0	0
fat000477	0	1	0	4	2	0
fat000478	0	3	-2	5	1	1
fat000479	0	0	0	1	1	0
fat000480	0	2	0	5	0	0
fat000481	0	3	0	3	1	0
fat000482	0	2	0	0	0	0
fat000483	1	9	-1	8	0	1
fat000484	0	10	0	10	0	0
fat000485	1	3	1	5	0	0
fat000486	1	0	0	3	9	0
fat000487	0	0	0	0	2	0
fat000488	0	2	-2	4	1	0
fat000489	0	2	0	1	-1	0
fat000490	0	1	0	2	0	0
fat000491	1	1	0	12	0	0
fat000492	1	0	-1	9	0	0
fat000493	1	1	-1	11	0	0
fat000494	0	0	0	5	1	0
fat000495	1	2	-1	9	0	0
fat000496	0	1	0	5	1	0
fat000497	0	1	0	4	0	0
fat000498	1	0	-1	3	9	0
fat000499	1	2	0	3	5	0
fat000500	4	0	0	2	1	0
fat000501	5	5	6	1	0	1
fat000502	1	3	-1	11	1	0
fat000503	0	1	-1	3	1	0
fat000504	0	2	-2	11	0	0
fat000505	0	1	-1	7	1	0
fat000506	0	1	-1	10	0	0
fat000507	1	5	0	5	0	0
fat000508	2	2	0	14	0	0
fat000509	1	2	-1	7	0	0
fat000510	1	0	0	10	1	0
fat000511	0	0	0	8	0	0
fat000512	1	0	0	5	2	0
fat000513	-1	3	-1	9	1	0
fat000514	0	2	-1	10	1	0
fat000515	4	3	0	1	1	0
fat000516	2	6	0	0	1	2
fat000517	1	0	0	3	9	0
fat000518	0	3	-3	4	0	0
fat000519	2	0	-1	2	9	0
fat000520	1	2	2	8	2	0
fat000521	0	1	-1	2	2	0
fat000522	1	0	-1	3	9	0
fat000523	1	0	2	7	1	0
fat000524	3	0	0	6	1	0
fat000525	1	0	1	2	0	2
fat000526	2	2	0	2	1	0
fat000527	0	5	0	1	1	0
fat000528	1	0	1	12	0	0
fat000529	2	1	-1	0	2	0
fat000530	1	1	1	2	0	0
fat000531	1	1	-1	7	0	0
fat000532	1	2	-1	4	0	0
fat000533	1	0	0	3	8	0
fat000534	0	2	0	1	2	1
fat000535	0	2	-2	2	0	0
fat000536	0	2	-2	0	0	0
fat000537	0	1	1	3	2	0
fat000538	0	1	0	6	0	0
fat000539	0	0	0	1	0	0
fat000540	0	0	-1	1	-1	0
fat000541	0	1	1	3	3	0
fat000542	0	1	0	2	0	0
fat000543	0	1	0	5	0	0
fat000544	1	0	-1	2	10	0
fat000545	0	1	-1	7	1	0
fat000546	0	1	0	3	1	0
fat000547	0	0	-1	7	1	0
fat000548	0	0	0	2	2	0
fat000549	1	4	-1	1	0	0
fat000550	1	4	-2	1	1	0
fat000551	1	2	0	2	0	0
fat000552	0	2	0	0	0	0
fat000553	0	1	0	0	0	0
fat000554	1	6	-2	2	4	1
fat000555	1	1	0	5	2	0
fat000556	0	0	0	5	4	0
fat000557	0	0	0	0	0	0
fat000558	0	1	0	2	0	0
fat000559	0	1	1	2	2	0
fat000560	0	0	0	4	2	0
fat000561	0	0	-1	1	0	1
fat000562	0	2	-1	3	0	1
fat000563	0	0	0	0	0	0
fat000564	1	0	-1	3	0	0
fat000565	0	3	-1	0	0	0
fat000566	1	1	0	2	1	0
fat000567	0	2	-1	1	3	0
fat000568	0	1	0	2	0	0
fat000569	0	0	-1	2	3	0
fat000570	0	2	1	4	0	0
fat000571	0	2	0	3	0	0
fat000572	1	1	0	3	0	0
fat000573	1	0	0	3	9	0
fat000574	0	6	-2	4	1	0
fat000575	0	3	1	4	0	0
fat000576	0	4	0	5	2	3
fat000577	0	4	2	3	1	0
fat000578	1	4	-1	1	0	0
fat000579	0	3	-1	2	0	0
fat000580	0	1	0	5	0	0
fat000581	0	1	0	6	0	2
fat000582	0	0	0	3	0	0
fat000583	0	1	0	3	0	0
fat000584	0	1	0	3	0	0
fat000585	0	2	0	5	0	0
fat000586	0	1	-1	3	0	0
fat000587	0	1	0	3	0	0
fat000588	0	2	0	0	0	0
fat000589	1	2	1	2	0	1
fat000590	0	1	1	1	0	1
fat000591	0	1	3	0	0	0
fat000592	1	1	1	4	0	0
fat000593	0	3	-1	3	0	0
fat000594	0	2	0	5	1	3
fat000595	0	0	0	8	0	0
fat000596	0	1	0	2	0	-1
fat000597	0	1	0	8	0	1
fat000598	0	1	1	3	0	0
fat000599	0	2	0	2	0	0
fat000600	0	2	0	3	0	0
fat000601	0	1	2	3	0	0
fat000602	0	2	-1	5	0	1
fat000603	2	1	0	0	2	0
fat000604	0	3	-1	7	0	1
fat000605	0	1	0	6	1	0
fat000606	1	1	0	7	0	0
fat000607	0	0	0	5	0	0
fat000608	0	2	0	10	1	0
fat000609	0	1	1	6	1	0
fat000610	1	1	0	9	2	0
fat000611	1	1	0	9	2	0
fat000612	0	0	1	3	4	0
fat000613	0	2	0	10	1	0
fat000614	0	1	1	6	1	0
fat000615	1	1	1	8	1	0
fat000616	0	0	0	6	0	0
fat000617	0	0	1	3	4	0
fat000618	0	0	1	3	3	0
fat000619	1	2	0	2	5	0
fat000620	0	1	0	4	1	1
fat000621	1	1	0	2	5	0
fat000622	0	0	1	4	2	1
fat000623	0	1	1	2	0	0
fat000624	1	1	0	3	5	0
fat000625	0	0	0	4	1	1
fat000626	0	1	1	2	0	0
fat000627	0	1	1	3	0	0
fat000628	0	1	0	3	1	0
fat000629	0	1	0	3	2	0
fat000630	0	2	1	6	2	0
fat000631	0	1	0	3	2	0
fat000632	0	3	1	7	2	0
fat000633	0	2	0	5	0	0
fat000634	0	1	0	7	0	-1
fat000635	0	2	0	3	0	0
fat000636	2	3	3	9	2	0
fat000637	0	1	1	1	6	1
fat000638	1	0	0	4	11	0
fat000639	0	4	-4	7	2	0
fat000640	0	1	1	2	2	0
fat000641	3	10	0	15	5	1
fat000642	2	1	1	8	1	0
fat000643	0	1	1	6	3	0
fat000644	0	1	0	6	1	0
fat000645	3	2	0	4	0	0
fat000646	11	2	1	3	1	0
fat000647	11	2	0	4	2	0
fat000648	1	4	1	9	1	0
fat000649	0	1	-1	2	1	0
fat000650	0	3	-1	7	1	0
fat000651	0	0	0	6	1	0
fat000652	0	2	0	2	1	1
fat000653	1	4	0	8	3	0
fat000654	1	3	0	4	1	0
fat000655	0	0	0	7	2	0
fat000656	2	2	0	3	0	1
fat000657	0	3	0	10	0	0
fat000658	1	1	0	8	1	0
fat000659	0	2	0	2	1	0
fat000660	0	0	1	3	1	0
fat000661	1	2	0	7	1	0
fat000662	1	0	0	0	0	0
fat000663	0	1	-1	1	1	0
fat000664	0	2	0	3	2	0
fat000665	0	5	-1	4	1	0
fat000666	1	2	0	3	1	1
fat000667	1	2	0	2	1	0
fat000668	2	6	0	0	2	0
fat000669	0	2	-1	3	0	0
fat000670	1	1	-1	0	0	1
fat000671	0	1	0	0	1	0
fat000672	0	3	-1	3	1	0
fat000673	0	3	0	1	1	0
fat000674	1	1	-1	2	0	0
fat000675	0	3	0	1	0	0
fat000676	0	1	0	5	1	0
fat000677	0	1	0	1	0	1
fat000678	0	2	-1	4	0	0
fat000679	1	0	0	5	1	0
fat000680	-1	3	0	2	1	0
fat000681	2	8	-1	12	3	1
fat000682	0	3	-1	5	0	0
fat000683	0	3	1	3	2	0
fat000684	1	2	0	2	0	1
fat000685	5	1	3	1	2	0
fat000686	0	2	0	7	2	1
fat000687	1	2	1	0	1	0
fat000688	0	1	1	3	1	0
fat000689	1	2	0	0	0	0
fat000690	2	2	-1	12	3	0
fat000691	0	3	1	4	0	0
fat000692	1	1	-1	3	3	0
fat000693	1	0	0	3	9	0
fat000694	0	1	-2	6	0	0
fat000695	0	0	-1	0	0	0
fat000696	1	2	0	5	0	0
fat000697	1	0	1	9	0	0
fat000698	0	5	-1	3	2	1
fat000699	5	4	3	6	0	0
fat000700	0	1	0	3	1	0
fat000701	1	1	0	1	0	0
fat000702	0	1	-1	1	2	1
fat000703	0	1	0	3	1	2
fat000704	4	5	3	3	1	1
fat000705	2	1	1	0	0	0
fat000706	3	2	0	2	0	1
fat000707	1	0	0	1	1	1
fat000708	1	2	0	1	0	0
fat000709	1	0	1	3	1	0
fat000710	3	7	-1	9	7	2
fat000711	2	3	-1	3	2	0
fat000712	0	3	1	0	2	0
fat000713	0	1	0	7	1	0
fat000714	0	9	0	10	3	0
fat000715	2	2	1	3	3	0
fat000716	3	1	1	6	2	1
fat000717	0	1	0	3	2	0
fat000718	0	1	0	3	0	0
fat000719	0	0	0	1	2	0
fat000720	2	2	0	2	1	0
fat000721	0	2	-1	1	0	1
fat000722	0	2	0	2	0	0
fat000723	0	1	0	1	1	0
fat000724	1	3	2	4	1	0
fat000725	4	4	3	3	0	1
fat000726	0	1	0	1	1	0
fat000727	1	1	0	1	1	0
fat000728	2	1	1	5	2	0
fat000729	1	1	0	3	2	0
fat000730	1	5	2	1	1	2
fat000731	1	2	0	6	1	0
fat000732	1	0	0	4	11	0
fat000733	0	1	-2	5	1	0
fat000734	0	3	-1	8	-1	-1
fat000735	1	1	0	11	0	0
fat000736	1	0	-1	10	0	0
fat000737	0	0	-1	8	0	0
fat000738	1	1	-1	11	0	0
fat000739	0	1	0	11	2	0
fat000740	0	4	-1	2	2	0
fat000741	0	1	0	4	1	0
fat000742	0	1	0	5	0	0
fat000743	0	1	0	7	1	0
fat000744	1	0	-1	3	9	0
fat000745	1	0	0	1	1	0
fat000746	5	1	7	1	0	0
fat000747	2	4	-1	0	0	0
fat000748	0	1	0	1	0	1
fat000749	0	3	-1	9	0	0
fat000750	0	1	-1	3	0	0
fat000751	0	1	-1	6	1	0
fat000752	1	2	-1	7	0	0
fat000753	1	2	0	4	1	0
fat000754	0	1	0	10	0	0
fat000755	0	4	-1	7	0	0
fat000756	0	2	0	5	0	0
fat000757	0	0	0	7	0	0
fat000758	0	2	-2	2	0	0
fat000759	0	1	0	13	0	0
fat000760	0	2	-1	9	1	0
fat000761	0	1	-1	9	0	0
fat000762	1	2	0	3	0	0
fat000763	0	3	0	7	0	0
fat000764	1	2	0	8	0	0
fat000765	0	2	0	7	0	0
fat000766	0	1	0	12	1	0
fat000767	1	2	-1	10	0	0
fat000768	0	0	-1	9	0	0
fat000769	0	0	0	8	0	0
fat000770	1	0	0	4	1	0
fat000771	0	1	-1	6	0	0
fat000772	0	2	0	6	1	0
fat000773	0	2	-1	9	1	0
fat000774	0	2	0	10	0	0
fat000775	0	3	0	3	0	1
fat000776	0	1	1	6	0	0
fat000777	1	1	0	4	2	0
fat000778	0	2	-1	3	1	0
fat000779	0	4	-1	3	2	0
fat000780	1	0	0	3	9	0
fat000781	0	2	-3	4	1	0
fat000782	0	5	0	2	1	0
fat000783	0	1	0	8	0	0
fat000784	0	0	0	5	0	0
fat000785	0	2	0	1	0	0
fat000786	0	0	1	2	0	0
fat000787	1	2	0	9	1	0
fat000788	0	0	0	1	0	0
fat000789	0	0	0	6	0	0
fat000790	0	0	0	6	1	0
fat000791	0	0	0	5	0	0
fat000792	1	1	-1	2	2	0
fat000793	0	1	0	7	1	0
fat000794	0	2	0	4	2	0
fat000795	0	2	-1	3	0	0
fat000796	1	0	0	3	9	0
fat000797	0	2	-1	8	0	0
fat000798	2	0	1	5	0	0
fat000799	0	0	0	0	0	0
fat000800	0	2	1	0	2	0
fat000801	3	5	1	0	1	0
fat000802	1	3	0	0	0	0
fat000803	0	4	0	0	0	0
fat000804	1	5	1	0	0	0
fat000805	3	5	2	0	0	0
fat000806	1	2	0	5	1	0
fat000807	0	1	0	6	1	0
fat000808	0	3	0	6	1	0
fat000809	1	4	0	2	1	0
fat000810	0	3	2	1	0	0
fat000811	0	2	0	4	0	0
fat000812	0	2	0	5	0	0
fat000813	0	0	0	5	0	0
fat000814	2	2	-1	7	4	0
fat000815	1	1	0	2	0	0
fat000816	0	1	0	0	2	0
fat000817	0	1	0	4	0	0
fat000818	0	2	-1	3	2	0
fat000819	0	3	0	2	0	0
fat000820	1	2	-1	1	1	0
fat000821	2	1	0	1	2	0
fat000822	1	2	1	0	1	0
fat000823	0	0	-1	1	0	0
fat000824	1	0	0	3	9	0
fat000825	0	1	-2	6	2	0
fat000826	0	2	-1	3	-1	0
fat000827	0	2	-1	3	3	0
fat000828	1	3	-1	3	3	0
fat000829	0	1	0	4	3	0
fat000830	0	8	-2	2	1	1
fat000831	0	3	-1	3	0	1
fat000832	1	0	0	3	9	0
fat000833	0	2	-2	4	1	0
fat000834	0	1	0	5	1	0
fat000835	1	0	-1	6	1	0
fat000836	0	2	0	5	1	0
fat000837	1	0	-1	2	9	0
fat000838	1	2	0	6	0	0
fat000839	0	0	1	0	0	0
fat000840	1	4	0	12	3	0
fat000841	0	5	0	2	1	0
fat000842	0	1	0	6	1	0
fat000843	0	2	0	4	3	0
fat000844	0	1	0	0	1	1
fat000845	1	3	1	2	2	0
fat000846	0	2	-1	4	4	1
fat000847	1	1	0	6	3	0
fat000848	0	1	-1	4	0	0
fat000849	1	3	1	7	0	0
fat000850	0	3	0	2	0	0
fat000851	0	1	0	2	0	1
fat000852	0	2	2	5	1	1
fat000853	0	1	0	6	1	0
fat000854	0	0	-1	4	1	1
fat000855	0	1	0	7	0	0
fat000856	0	1	-1	2	1	1
fat000857	2	4	1	5	1	0
fat000858	1	1	1	4	1	0
fat000859	1	1	0	5	1	0
fat000860	2	2	-1	4	1	2
fat000861	0	1	-1	3	1	0
fat000862	2	5	0	2	1	0
fat000863	1	0	2	3	1	0
fat000864	3	4	-1	5	6	2
fat000865	1	3	-1	2	3	0
fat000866	0	1	-1	0	2	0
fat000867	0	1	0	0	0	0
fat000868	0	3	-1	0	1	1
fat000869	1	1	0	0	0	0
fat000870	1	2	-1	1	1	0
fat000871	0	1	0	2	0	0
fat000872	0	1	1	0	0	0
fat000873	0	0	0	0	1	0
fat000874	0	1	-1	0	0	0
fat000875	0	1	0	0	1	1
fat000876	0	4	0	1	1	1
fat000877	1	1	0	6	3	0
fat000878	0	0	0	6	3	0
fat000879	0	1	0	8	2	0
fat000880	0	0	0	0	0	0
fat000881	0	1	0	3	1	0
fat000882	0	1	1	2	0	0
fat000883	0	2	1	4	0	0
fat000884	0	0	-1	4	2	0
fat000885	1	1	-1	8	1	0
fat000886	1	3	0	5	1	0
fat000887	0	1	0	4	1	0
fat000888	0	4	-1	6	1	0
fat000889	0	2	0	5	1	0
fat000890	1	1	1	6	3	1
fat000891	0	1	0	5	-1	0
fat000892	0	3	0	6	2	0
fat000893	0	1	-1	9	0	1
fat000894	1	0	0	10	1	0
fat000895	0	1	1	5	3	0
fat000896	0	3	1	3	1	0
fat000897	2	2	0	2	0	0
fat000898	0	0	1	1	0	0
fat000899	1	3	2	0	1	0
fat000900	2	1	2	1	0	0
fat000901	3	2	0	0	0	0
fat000902	2	1	-1	2	1	0
fat000903	1	0	-1	2	9	0
fat000904	2	1	0	0	2	0
fat000905	1	4	0	3	3	0
fat000906	1	3	0	6	2	0
fat000907	0	2	0	3	2	0
fat000908	1	3	0	2	1	1
fat000909	2	1	0	2	0	0
fat000910	1	1	0	5	3	0
fat000911	1	2	2	3	0	0
fat000912	1	3	0	10	2	0
fat000913	0	2	1	2	0	1
fat000914	0	1	-1	7	1	0
fat000915	0	2	1	3	1	0
fat000916	2	2	1	4	2	0
fat000917	1	0	0	3	1	0
fat000918	0	1	1	4	0	0
fat000919	1	3	0	1	0	0
fat000920	1	1	0	4	1	0
fat000921	1	4	0	6	2	1
fat000922	0	0	0	1	2	0
fat000923	0	4	0	4	2	0
fat000924	0	0	0	3	1	0
fat000925	0	5	0	5	0	0
fat000926	0	2	0	2	0	0
fat000927	1	1	0	3	1	0
fat000928	0	2	0	6	1	0
fat000929	0	1	0	3	0	0
fat000930	0	2	3	3	0	0
fat000931	0	1	-1	7	3	0
fat000932	1	0	0	1	0	0
fat000933	1	4	0	5	1	0
fat000934	1	0	0	3	9	0
fat000935	3	10	1	16	6	1
fat000936	0	1	0	4	2	0
fat000937	0	3	1	9	3	0
fat000938	0	1	0	1	2	0
fat000939	0	1	0	3	0	0
fat000940	3	0	0	1	0	0
fat000941	1	1	0	0	0	0
fat000942	11	2	1	3	1	0
fat000943	2	3	1	8	1	0
fat000944	1	4	1	8	2	0
fat000945	26	1	0	1	0	0
fat000946	1	6	0	7	3	0
fat000947	2	5	0	11	3	0
fat000948	1	3	0	4	1	0
fat000949	0	2	0	3	0	0
fat000950	0	3	1	7	1	0
fat000951	0	3	0	8	0	0
fat000952	0	1	1	6	1	0
fat000953	0	1	0	10	0	0
fat000954	1	0	0	4	0	1
fat000955	0	5	-1	4	1	0
fat000956	2	2	-1	2	3	1
fat000957	1	2	1	6	1	0
fat000958	3	6	0	3	3	1
fat000959	0	5	0	1	2	1
fat000960	0	5	1	5	1	0
fat000961	2	3	1	2	2	0
fat000962	0	0	1	6	2	0
fat000963	1	2	0	4	2	0
fat000964	0	3	-1	6	0	0
fat000965	1	3	0	3	5	0
fat000966	1	5	1	4	1	0
fat000967	0	3	0	3	0	1
fat000968	1	2	-1	3	1	0
fat000969	1	5	-1	1	0	0
fat000970	0	2	-1	5	0	0
fat000971	3	1	0	2	0	0
fat000972	1	1	-1	0	0	1
fat000973	0	1	0	0	1	0
fat000974	0	1	0	4	0	0
fat000975	0	4	-1	0	1	0
fat000976	0	3	0	3	2	1
fat000977	0	2	0	2	1	0
fat000978	1	3	-1	5	0	0
fat000979	1	3	-1	3	0	0
fat000980	0	3	-1	1	0	0
fat000981	1	1	-1	5	1	0
fat000982	0	1	0	7	1	0
fat000983	0	2	0	1	0	1
fat000984	0	1	0	0	0	1
fat000985	0	3	0	3	0	0
fat000986	0	2	-1	4	0	0
fat000987	1	1	-1	1	0	0
fat000988	1	0	0	9	0	0
fat000989	2	1	0	9	0	0
fat000990	0	0	0	6	1	0
fat000991	0	1	0	2	0	1
fat000992	0	0	0	2	0	1
fat000993	0	2	0	3	1	0
fat000994	0	2	0	2	0	1
fat000995	0	0	0	3	2	0
fat000996	2	8	-1	12	3	1
fat000997	1	3	1	5	0	0
fat000998	0	0	-1	3	0	0
fat000999	0	3	1	3	0	1
fat001000	0	0	0	8	1	0
fat001001	0	1	0	9	2	0
fat001002	5	4	3	19	2	1
fat001003	1	4	-1	12	1	1
fat001004	1	0	-1	9	0	0
fat001005	1	0	0	9	1	0
fat001006	0	1	1	6	-1	0
fat001007	2	0	0	10	-1	0
fat001008	0	0	-1	1	0	1
fat001009	0	1	0	8	2	0
fat001010	1	0	0	2	-1	0
fat001011	1	1	-1	6	2	0
fat001012	0	0	1	5	1	1
fat001013	0	1	1	3	0	0
fat001014	0	0	-1	2	1	0
fat001015	1	0	0	4	0	1
fat001016	3	3	0	7	2	1
fat001017	2	1	-1	8	0	0
fat001018	2	4	-1	12	4	0
fat001019	2	5	1	3	0	0
fat001020	2	4	-2	3	4	2
fat001021	1	1	-1	3	3	0
fat001022	3	3	2	4	1	0
fat001023	1	1	0	8	3	-1
fat001024	1	1	2	4	1	1
fat001025	0	0	0	0	1	0
fat001026	2	4	0	8	5	0
fat001027	1	1	0	2	1	0
fat001028	0	4	-1	2	2	1
fat001029	5	5	3	6	1	0
fat001030	1	2	0	5	1	0
fat001031	0	1	0	3	1	0
fat001032	2	3	1	7	5	0
fat001033	2	1	-1	7	1	0
fat001034	1	1	-1	11	10	0
fat001035	1	1	0	1	0	0
fat001036	0	1	-1	1	2	1
fat001037	0	1	0	3	1	2
fat001038	1	3	-1	2	1	0
fat001039	3	5	3	1	0	1
fat001040	3	2	0	2	1	1
fat001041	1	3	1	1	1	0
fat001042	1	4	0	6	1	0
fat001043	0	0	0	0	0	0
fat001044	1	3	1	2	0	2
fat001045	3	7	-1	9	7	2
fat001046	0	3	0	1	3	0
fat001047	2	4	0	8	3	0
fat001048	0	1	-1	3	2	0
fat001049	0	2	0	0	0	0
fat001050	1	0	1	6	0	0
fat001051	0	1	0	3	2	0
fat001052	0	4	1	7	1	1
fat001053	1	2	-2	5	1	0
fat001054	1	0	0	1	2	0
fat001055	3	6	3	6	1	0
fat001056	0	1	0	3	0	0
fat001057	0	2	-1	0	1	0
fat001058	0	4	-1	3	0	1
fat001059	0	1	0	1	1	0
fat001060	4	6	3	5	1	1
fat001061	2	3	0	4	0	0
fat001062	0	0	0	0	1	0
fat001063	2	0	2	5	1	2
fat001064	1	1	0	3	0	0
fat001065	0	1	0	0	0	2
fat001066	0	0	-1	3	0	0
fat001067	1	3	0	1	2	0
fat001068	2	6	0	6	-1	1
fat001069	1	2	1	3	0	0
fat001070	0	1	0	1	0	0
fat001071	2	0	0	3	0	0
fat001072	4	3	0	7	3	0
fat001073	3	1	2	6	2	0
fat001074	0	3	1	3	0	0
fat001075	1	3	0	0	1	0
fat001076	0	0	0	1	0	0
fat001077	0	1	0	1	0	0
fat001078	1	2	1	1	1	1
fat001079	0	5	0	1	0	0
fat001080	1	3	0	0	0	0
fat001081	0	0	0	0	2	0
fat001082	0	4	-2	13	3	0
fat001083	2	1	-1	5	2	0
fat001084	2	1	-1	4	2	0
fat001085	1	3	-1	5	1	0
fat001086	0	2	-1	5	1	0
fat001087	0	4	-1	2	0	0
fat001088	0	2	0	3	1	0
fat001089	0	7	-1	4	3	0
fat001090	0	1	-1	0	0	0
fat001091	0	2	-1	3	1	0
fat001092	0	2	0	2	0	0
fat001093	0	4	2	4	3	1
fat001094	1	0	-1	3	1	0
fat001095	0	3	1	4	0	0
fat001096	1	0	0	0	1	0
fat001097	1	0	0	3	9	0
fat001098	0	3	-2	5	0	0
fat001099	0	2	0	3	1	1
fat001100	0	2	0	5	1	0
fat001101	1	1	-1	6	0	0
fat001102	0	1	-1	4	2	1
fat001103	0	2	-1	10	2	0
fat001104	0	2	-1	2	1	0
fat001105	1	1	-1	3	9	0
fat001106	4	0	0	2	1	0
fat001107	5	5	6	1	0	1
fat001108	2	3	-1	4	1	0
fat001109	1	1	0	8	0	0
fat001110	1	3	0	4	1	0
fat001111	0	2	1	3	0	0
fat001112	0	2	-1	2	2	1
fat001113	1	5	-1	3	0	2
fat001114	2	0	-1	3	0	0
fat001115	2	2	0	3	0	1
fat001116	0	1	-1	3	2	0
fat001117	0	2	-1	3	2	0
fat001118	0	2	-1	1	1	0
fat001119	0	1	-1	5	0	0
fat001120	0	0	1	2	0	0
fat001121	0	2	-1	2	2	1
fat001122	0	1	1	3	0	0
fat001123	0	3	-1	1	1	0
fat001124	0	10	-1	6	6	0
fat001125	1	2	0	4	2	0
fat001126	0	4	-1	4	4	0
fat001127	0	1	-1	4	3	0
fat001128	0	4	-3	7	0	0
fat001129	0	1	-1	9	2	0
fat001130	0	0	0	10	0	0
fat001131	1	0	0	2	1	0
fat001132	1	1	1	4	1	0
fat001133	0	0	0	3	0	0
fat001134	0	0	-1	9	0	0
fat001135	1	0	0	2	9	0
fat001136	2	4	2	2	1	0
fat001137	2	4	0	0	0	0
fat001138	1	2	0	7	2	0
fat001139	0	1	0	6	0	0
fat001140	0	0	0	3	0	0
fat001141	0	0	0	11	0	0
fat001142	0	0	0	5	0	0
fat001143	0	1	0	2	2	0
fat001144	0	5	-1	3	0	0
fat001145	0	1	2	1	0	0
fat001146	0	2	-1	4	1	0
fat001147	0	2	0	1	0	0
fat001148	0	4	2	0	0	0
fat001149	0	5	-1	2	0	0
fat001150	1	8	-1	3	0	0
fat001151	0	2	1	0	0	0
fat001152	0	5	0	2	0	0
fat001153	0	2	1	1	2	0
fat001154	1	0	1	12	1	0
fat001155	0	0	0	6	1	0
fat001156	1	0	0	5	3	0
fat001157	0	0	0	8	0	0
fat001158	2	4	1	5	1	0
fat001159	2	4	0	0	0	0
fat001160	0	2	0	6	1	0
fat001161	0	2	-1	9	1	0
fat001162	0	8	0	7	1	0
fat001163	0	0	0	11	0	0
fat001164	0	2	0	5	0	0
fat001165	0	0	-1	5	0	0
fat001166	0	0	0	4	0	0
fat001167	0	3	1	9	1	0
fat001168	0	0	-1	10	0	0
fat001169	1	2	-1	5	1	0
fat001170	0	2	0	7	2	0
fat001171	0	0	0	3	0	0
fat001172	0	0	0	5	0	0
fat001173	0	1	0	2	0	0
fat001174	0	1	0	2	2	0
fat001175	1	0	0	3	9	0
fat001176	3	3	2	4	1	0
fat001177	0	2	-1	3	-1	0
fat001178	1	2	-1	3	9	0
fat001179	1	2	-1	5	2	0
fat001180	0	1	0	3	1	0
fat001181	0	2	0	6	2	0
fat001182	1	2	0	5	3	0
fat001183	3	1	6	0	1	0
fat001184	3	1	5	0	0	0
fat001185	3	1	2	0	0	0
fat001186	7	2	7	0	0	0
fat001187	5	1	1	0	1	0
fat001188	7	1	2	0	0	0
fat001189	2	1	1	0	0	0
fat001190	2	1	3	1	0	0
fat001191	1	0	5	1	0	0
fat001192	2	0	4	0	0	0
fat001193	0	0	5	0	1	1
fat001194	1	1	2	1	2	0
fat001195	2	3	1	0	1	0
fat001196	1	1	0	1	1	-1
fat001197	1	1	1	0	1	0
fat001198	1	2	0	1	0	0
fat001199	1	1	1	0	2	0
fat001200	0	2	0	1	0	0
fat001201	1	1	1	1	1	0
fat001202	1	1	1	0	0	0
fat001203	0	0	2	0	0	0
fat001204	2	0	3	0	0	-1
fat001205	1	0	3	0	0	0
fat001206	0	0	3	0	0	0
fat001207	1	1	2	0	1	1
fat001208	1	1	2	0	0	0
fat001209	1	1	1	0	0	0
fat001210	3	2	1	0	1	0
fat001211	0	1	2	1	0	0
fat001212	3	1	1	1	0	0
fat001213	3	0	2	1	1	0
fat001214	5	-1	3	1	0	0
fat001215	4	2	0	1	0	0
fat001216	0	0	6	1	1	0
fat001217	0	1	0	0	0	0
fat001218	0	0	5	0	1	0
fat001219	1	1	1	0	0	0
fat001220	3	2	5	0	0	0
fat001221	1	6	4	0	0	0
fat001222	3	2	2	1	-1	0
fat001223	2	-1	5	1	0	0
fat001224	3	1	3	0	2	1
fat001225	1	0	1	1	0	1
fat001226	1	1	13	0	1	0
fat001227	0	1	3	0	1	0
fat001228	0	0	2	0	0	0
fat001229	0	0	1	0	0	0
fat001230	1	1	6	2	0	0
fat001231	1	2	6	2	0	0
fat001232	0	2	1	1	0	0
fat001233	1	1	2	0	0	0
fat001234	1	2	6	0	0	0
fat001235	0	2	2	0	0	0
fat001236	0	0	8	0	1	0
fat001237	1	0	10	0	1	0
fat001238	1	0	7	0	0	0
fat001239	0	0	3	0	0	0
fat001240	1	0	5	0	0	1
fat001241	0	1	3	1	0	0
fat001242	4	0	8	1	1	1
fat001243	0	2	3	0	0	0
fat001244	3	2	6	1	0	0
fat001245	1	0	2	0	0	0
fat001246	1	0	1	1	0	0
fat001247	4	0	4	1	0	0
fat001248	7	1	1	1	1	0
fat001249	3	0	5	0	1	0
fat001250	2	0	2	1	1	2
fat001251	0	1	5	0	0	0
fat001252	0	0	2	1	0	-1
fat001253	0	0	1	0	0	0
fat001254	1	1	2	0	0	0
fat001255	0	0	3	1	1	0
fat001256	2	2	1	0	2	0
fat001257	1	1	0	0	0	0
fat001258	1	0	7	1	0	1
fat001259	0	0	5	1	0	0
fat001260	0	0	4	1	0	0
fat001261	0	0	5	0	0	0
fat001262	0	0	4	0	1	1
fat001263	1	0	7	1	0	1
fat001264	1	0	6	0	0	0
fat001265	1	0	8	0	0	0
fat001266	0	2	3	1	0	0
fat001267	0	2	2	0	0	1
fat001268	1	1	2	0	0	0
fat001269	1	0	4	2	0	1
fat001270	2	0	6	1	2	1
fat001271	0	3	0	0	2	0
fat001272	0	2	4	0	1	0
fat001273	0	0	3	0	0	0
fat001274	0	0	5	1	0	0
fat001275	0	0	5	0	0	1
fat001276	1	0	1	0	0	0
fat001277	1	1	6	0	0	0
fat001278	5	1	3	0	1	0
fat001279	0	0	3	2	0	0
fat001280	5	0	4	1	0	1
fat001281	2	3	5	0	0	0
fat001282	1	1	3	0	0	0
fat001283	3	0	2	1	1	0
fat001284	3	1	2	0	0	0
fat001285	1	2	3	0	1	0
fat001286	0	1	2	0	0	0
fat001287	1	1	5	1	0	1
fat001288	1	1	1	0	0	0
fat001289	2	2	1	0	0	1
fat001290	1	1	1	0	0	1
fat001291	1	0	4	1	0	1
fat001292	4	3	2	-1	-1	0
fat001293	0	1	1	0	0	-1
fat001294	1	2	0	0	0	0
fat001295	0	0	6	1	0	0
fat001296	3	0	7	0	2	1
fat001297	0	0	0	0	0	0
fat001298	0	1	4	1	0	1
fat001299	2	0	2	2	1	0
fat001300	0	0	2	1	2	0
fat001301	1	3	2	0	0	1
fat001302	0	1	1	0	0	0
fat001303	2	2	6	0	0	0
fat001304	0	0	6	1	0	1
fat001305	1	0	5	0	0	1
fat001306	2	0	7	0	0	1
fat001307	1	2	2	0	1	0
fat001308	1	1	6	0	0	0
fat001309	1	1	2	1	0	0
fat001310	0	1	2	1	0	0
fat001311	1	0	1	1	0	0
fat001312	0	1	6	0	0	0
fat001313	0	0	1	0	0	0
fat001314	1	1	2	0	0	0
fat001315	2	1	7	1	1	0
fat001316	1	0	1	1	0	0
fat001317	0	1	2	0	1	0
fat001318	3	2	3	1	1	0
fat001319	0	0	0	0	1	0
fat001320	3	0	2	0	0	0
fat001321	4	2	5	1	0	0
fat001322	5	3	3	1	0	1
fat001323	0	5	0	0	0	1
fat001324	0	0	2	0	0	0
fat001325	2	3	3	1	1	0
fat001326	1	0	9	1	1	0
fat001327	1	2	4	0	0	0
fat001328	2	0	3	1	1	0
fat001329	0	-1	7	1	0	0
fat001330	1	1	5	0	0	0
fat001331	2	3	2	0	0	0
fat001332	2	1	5	1	0	0
fat001333	2	3	3	2	0	1
fat001334	3	3	3	4	2	0
fat001335	0	0	4	0	1	1
fat001336	0	0	3	1	1	0
fat001337	1	0	3	1	0	0
fat001338	1	2	1	0	0	0
fat001339	2	0	4	2	0	1
fat001340	0	0	2	0	0	0
fat001341	0	0	0	0	0	0
fat001342	1	0	3	2	0	1
fat001343	0	0	5	0	0	0
fat001344	2	0	2	1	0	0
fat001345	0	1	5	1	1	1
fat001346	1	0	3	1	1	1
fat001347	0	1	3	1	1	0
fat001348	0	1	1	1	0	0
fat001349	1	1	3	0	1	0
fat001350	3	2	3	1	2	1
fat001351	4	1	5	2	1	0
fat001352	5	1	5	0	1	0
fat001353	1	0	9	1	1	0
fat001354	2	2	6	1	1	0
fat001355	0	0	6	0	0	0
fat001356	0	0	7	0	2	0
fat001357	0	1	6	0	1	0
fat001358	1	0	5	0	0	0
fat001359	0	0	5	0	0	0
fat001360	0	0	5	0	0	0
fat001361	0	0	8	0	0	0
fat001362	0	1	8	0	1	0
fat001363	0	0	2	1	0	0
fat001364	0	0	2	0	1	0
fat001365	0	1	6	1	1	0
fat001366	2	1	3	0	0	0
fat001367	3	2	5	0	1	0
fat001368	3	1	2	0	0	0
fat001369	2	1	7	0	0	0
fat001370	3	2	4	0	0	0
fat001371	4	1	2	0	0	0
fat001372	7	2	3	0	1	0
fat001373	0	0	3	0	1	-2
fat001374	1	0	5	1	0	1
fat001375	0	0	4	2	0	0
fat001376	0	0	5	2	0	0
fat001377	0	0	2	2	1	0
fat001378	0	0	0	1	0	0
fat001379	0	1	3	0	0	0
fat001380	2	2	0	0	0	0
fat001381	0	3	2	0	1	0
fat001382	0	1	-1	0	0	-1
fat001383	2	2	3	0	0	0
fat001384	1	2	2	0	0	0
fat001385	4	3	0	1	0	0
fat001386	1	2	1	2	0	0
fat001387	2	1	2	1	0	0
fat001388	2	3	2	0	0	0
fat001389	1	1	1	0	0	0
fat001390	0	2	-1	2	1	0
fat001391	0	1	0	1	0	0
fat001392	0	1	0	2	1	0
fat001393	1	1	0	0	0	0
fat001394	1	1	1	1	0	0
fat001395	3	1	3	1	0	1
fat001396	3	3	2	2	1	-1
fat001397	0	0	2	1	0	0
fat001398	0	0	0	2	0	0
fat001399	2	1	1	1	0	0
fat001400	0	0	0	0	2	0
fat001401	1	0	2	1	0	0
fat001402	0	1	3	0	0	1
fat001403	0	3	0	1	0	1
fat001404	0	0	1	0	0	1
fat001405	0	1	4	1	0	0
fat001406	0	1	1	3	1	0
fat001407	0	1	0	0	1	1
fat001408	0	1	1	0	0	0
fat001409	0	0	1	2	1	1
fat001410	0	0	3	1	0	1
fat001411	1	0	2	1	1	1
fat001412	0	0	5	0	1	0
fat001413	0	0	5	2	1	1
fat001414	0	0	2	1	-1	0
fat001415	1	0	7	0	0	0
fat001416	0	0	3	1	0	0
fat001417	2	2	0	0	1	0
fat001418	0	0	3	0	0	0
fat001419	0	1	3	1	0	0
fat001420	2	0	3	0	2	1
fat001421	0	0	1	0	0	0
fat001422	0	0	4	0	1	0
fat001423	3	0	5	0	0	1
fat001424	0	0	5	0	1	0
fat001425	0	1	3	1	0	0
fat001426	0	0	5	0	1	0
fat001427	2	1	4	2	0	0
fat001428	0	0	2	2	0	0
fat001429	1	1	7	3	1	1
fat001430	2	1	5	1	1	0
fat001431	5	0	7	2	2	0
fat001432	2	5	6	3	0	0
fat001433	1	3	5	3	1	1
fat001434	0	2	4	2	0	1
fat001435	0	1	5	1	0	1
fat001436	2	0	6	2	0	0
fat001437	3	1	3	1	0	1
fat001438	1	1	5	2	1	1
fat001439	0	3	4	0	0	0
fat001440	2	2	4	2	0	0
fat001441	0	0	2	4	0	0
fat001442	1	0	3	0	0	0
fat001443	0	0	7	0	0	0
fat001444	0	2	7	0	0	0
fat001445	1	0	6	0	1	0
fat001446	2	3	2	2	2	0
fat001447	1	1	3	2	2	0
fat001448	1	1	0	-2	2	2
fat001449	2	2	4	1	0	1
fat001450	3	3	3	1	1	1
fat001451	0	0	5	1	1	0
fat001452	0	0	4	1	1	0
fat001453	1	0	3	1	1	0
fat001454	1	2	2	1	0	0
fat001455	0	0	7	1	-1	0
fat001456	0	0	3	1	0	0
fat001457	3	0	4	1	1	0
fat001458	0	1	3	0	0	0
fat001459	2	0	4	0	0	0
fat001460	0	0	-1	1	0	0
fat001461	0	0	4	0	0	0
fat001462	1	1	1	0	0	0
fat001463	1	0	2	1	0	1
fat001464	2	1	0	0	1	0
fat001465	4	0	3	1	0	0
fat001466	4	0	3	0	0	0
fat001467	1	0	4	3	1	0
fat001468	4	2	3	3	0	1
fat001469	2	0	0	0	1	1
fat001470	5	1	4	0	1	0
fat001471	3	0	3	1	1	1
fat001472	4	1	1	1	0	1
fat001473	0	1	0	1	1	0
fat001474	1	0	6	0	1	0
fat001475	0	0	2	2	1	0
fat001476	2	2	8	0	0	0
fat001477	0	1	1	1	0	0
fat001478	1	1	6	0	0	0
fat001479	1	0	5	0	0	0
fat001480	0	1	8	0	0	0
fat001481	0	0	5	1	1	0
fat001482	0	0	2	0	0	0
fat001483	1	0	9	1	0	0
fat001484	0	0	6	1	0	0
fat001485	1	0	4	2	1	0
fat001486	1	0	6	1	1	0
fat001487	3	1	11	1	0	1
fat001488	2	0	8	0	1	0
fat001489	0	0	4	1	1	1
fat001490	1	1	5	2	2	1
fat001491	2	3	6	3	2	1
fat001492	2	1	5	1	1	0
fat001493	0	0	5	0	0	0
fat001494	0	0	2	1	0	0
fat001495	0	0	5	1	0	0
fat001496	0	0	2	3	0	1
fat001497	2	1	6	2	1	0
fat001498	5	0	1	0	2	0
fat001499	5	2	5	0	2	0
fat001500	2	0	1	1	1	1
fat001501	1	0	4	1	0	0
fat001502	2	1	3	2	0	1
fat001503	7	0	1	0	1	2
fat001504	2	1	2	2	0	2
fat001505	1	0	4	0	1	0
fat001506	3	0	1	0	1	1
fat001507	1	3	3	0	0	0
fat001508	2	3	2	2	0	0
fat001509	4	1	3	2	1	0
fat001510	1	0	3	1	0	0
fat001511	1	1	4	1	1	0
fat001512	0	1	1	2	0	1
fat001513	0	0	3	0	0	-2
fat001514	2	0	5	0	0	0
fat001515	2	0	3	0	0	0
fat001516	0	1	4	3	0	0
fat001517	2	2	0	0	1	0
fat001518	1	0	5	0	0	0
fat001519	1	2	6	0	0	0
fat001520	1	0	2	2	0	0
fat001521	1	1	4	0	2	0
fat001522	0	0	3	0	0	0
fat001523	4	0	2	0	0	0
fat001524	0	2	1	1	0	0
fat001525	1	1	2	1	2	0
fat001526	0	0	2	0	1	0
fat001527	4	2	1	1	0	0
fat001528	2	2	2	2	0	0
fat001529	2	1	5	1	2	0
fat001530	2	4	1	0	0	0
fat001531	1	1	1	1	0	0
fat001532	0	1	7	1	1	0
fat001533	0	0	6	0	1	0
fat001534	2	1	8	0	1	0
fat001535	1	0	8	1	0	0
fat001536	1	1	13	0	2	0
fat001537	0	2	6	0	0	0
fat001538	2	0	2	1	1	0
fat001539	4	0	0	1	-1	0
fat001540	7	1	1	1	1	0
fat001541	4	0	6	1	1	0
fat001542	2	0	2	1	1	2
fat001543	1	2	0	0	0	0
fat001544	0	0	8	0	0	0
fat001545	1	1	6	0	1	0
fat001546	2	1	9	0	0	0
fat001547	0	1	5	2	0	0
fat001548	2	1	4	0	0	0
fat001549	1	0	8	1	0	1
fat001550	0	0	7	1	0	0
fat001551	0	2	4	0	0	0
fat001552	1	1	6	2	-1	0
fat001553	0	1	4	1	1	0
fat001554	1	1	5	0	1	0
fat001555	0	2	1	0	0	0
fat001556	1	1	3	1	2	2
fat001557	1	2	4	0	0	0
fat001558	1	1	5	0	1	1
fat001559	1	1	3	0	0	0
fat001560	4	2	2	0	1	0
fat001561	1	2	1	0	0	0
fat001562	0	1	1	1	0	0
fat001563	3	1	3	1	0	0
fat001564	2	1	7	0	1	-2
fat001565	0	0	5	0	0	0
fat001566	2	3	8	2	3	0
fat001567	4	3	4	2	1	1
fat001568	0	3	0	0	0	1
fat001569	1	1	1	0	4	0
fat001570	1	2	0	0	2	0
fat001571	4	3	8	0	0	0
fat001572	0	2	3	1	0	1
fat001573	0	0	5	0	0	0
fat001574	1	0	5	0	1	0
fat001575	2	0	4	0	0	0
fat001576	2	1	9	1	0	0
fat001577	0	1	6	0	0	0
fat001578	2	1	2	0	1	0
fat001579	1	0	1	2	0	0
fat001580	5	3	3	5	-1	1
fat001581	0	2	0	0	0	0
fat001582	2	5	3	1	0	0
fat001583	3	3	5	0	1	1
fat001584	3	2	6	0	0	0
fat001585	3	4	9	0	3	1
fat001586	1	1	8	0	1	1
fat001587	4	3	2	1	1	0
fat001588	3	1	3	1	0	0
fat001589	1	3	3	0	0	0
fat001590	0	1	0	1	1	0
fat001591	1	2	3	2	1	3
fat001592	3	0	2	1	1	1
fat001593	3	4	0	3	2	1
fat001594	2	3	6	0	0	0
fat001595	1	4	1	1	0	0
fat001596	2	1	9	1	0	0
fat001597	1	5	1	2	2	0
fat001598	0	4	1	0	2	0
fat001599	20	1	0	0	0	0
fat001600	6	8	2	1	2	1
fat001601	9	5	1	1	0	0
fat001602	3	6	1	0	0	0
fat001603	5	4	-1	1	0	1
fat001604	4	2	0	0	1	0
fat001605	6	3	0	1	0	0
fat001606	7	5	-1	1	0	0
fat001607	7	4	0	1	0	0
fat001608	7	5	-1	0	0	0
fat001609	7	5	0	0	1	1
fat001610	7	4	1	0	1	0
fat001611	7	6	0	0	0	0
fat001612	5	3	0	5	16	0
fat001613	3	5	-1	-2	2	0
fat001614	12	2	0	2	0	0
fat001615	3	2	-1	2	2	0
fat001616	8	7	0	0	1	0
fat001617	8	3	1	0	0	0
fat001618	6	4	1	0	1	1
fat001619	3	3	0	1	1	0
fat001620	1	3	0	2	1	0
fat001621	1	1	1	2	0	0
fat001622	3	6	0	2	3	0
fat001623	3	6	0	1	0	1
fat001624	3	7	0	-3	3	1
fat001625	26	3	0	0	0	0
fat001626	4	7	1	2	5	0
fat001627	17	8	-1	4	2	0
fat001628	11	5	1	1	0	1
fat001629	8	3	1	-1	1	6
fat001630	15	4	0	2	2	0
fat001631	14	4	-1	3	3	0
fat001632	14	5	-1	2	2	0
fat001633	17	5	-1	2	2	0
fat001634	8	3	1	0	1	0
fat001635	1	2	1	0	0	0
fat001636	9	4	2	0	1	0
fat001637	9	4	2	0	1	0
fat001638	1	2	0	1	4	0
fat001639	1	1	2	0	4	2
fat001640	1	4	2	0	2	1
fat001641	2	-1	5	0	0	0
fat001642	0	1	1	0	2	0
fat001643	0	6	-1	-2	2	0
fat001644	17	2	-1	0	0	0
fat001645	2	6	0	-2	3	1
fat001646	6	4	4	0	3	2
fat001647	6	5	6	0	2	2
fat001648	7	8	5	0	5	2
fat001649	6	4	4	1	-1	2
fat001650	6	5	3	0	1	2
fat001651	7	3	3	0	0	2
fat001652	7	3	3	0	0	2
fat001653	5	5	0	1	1	2
fat001654	16	9	1	0	2	1
fat001655	7	6	0	0	2	1
fat001656	7	6	-1	1	2	3
fat001657	9	8	1	0	1	1
fat001658	7	4	0	0	0	0
fat001659	7	4	0	0	0	0
fat001660	11	6	2	1	0	2
fat001661	10	5	0	1	2	0
fat001662	11	5	1	0	1	0
fat001663	13	6	1	0	1	1
fat001664	1	4	3	2	2	1
fat001665	0	2	2	0	1	1
fat001666	0	2	1	0	1	0
fat001667	1	6	0	-2	2	0
fat001668	20	2	-1	0	0	0
fat001669	3	5	1	2	0	1
fat001670	7	6	1	0	1	0
fat001671	5	4	1	0	1	0
fat001672	7	6	0	0	0	1
fat001673	7	6	0	0	0	1
fat001674	7	6	0	0	0	1
fat001675	7	6	0	1	0	0
fat001676	7	6	0	1	0	1
fat001677	6	4	0	4	1	0
fat001678	6	3	0	1	0	0
fat001679	7	2	0	0	0	1
fat001680	7	2	1	0	0	2
fat001681	10	2	0	3	2	2
fat001682	4	3	2	1	0	0
fat001683	7	3	0	1	0	0
fat001684	7	6	0	1	0	0
fat001685	0	0	6	0	3	0
fat001686	0	1	10	0	2	0
fat001687	0	0	10	0	0	0
fat001688	0	4	2	3	2	0
fat001689	1	6	0	0	2	0
fat001690	14	2	-1	0	0	0
fat001691	4	2	0	1	1	0
fat001692	9	3	2	-1	0	6
fat001693	9	3	1	-1	0	5
fat001694	9	3	1	-1	0	5
fat001695	3	4	1	1	0	0
fat001696	3	4	0	0	0	0
fat001697	5	2	0	0	0	0
fat001698	5	3	0	0	0	0
fat001699	0	2	0	0	0	1
fat001700	1	3	0	0	1	1
fat001701	1	3	1	1	2	1
fat001702	5	3	1	0	1	0
fat001703	1	3	0	-1	1	0
fat001704	0	2	1	0	0	0
fat001705	1	3	2	8	1	0
fat001706	0	8	-1	2	4	0
fat001707	21	2	-1	0	0	0
fat001708	4	3	-1	1	3	0
fat001709	9	9	1	4	2	0
fat001710	8	4	-1	2	2	0
fat001711	7	3	0	1	0	0
fat001712	16	4	-1	1	3	0
fat001713	16	6	1	2	2	1
fat001714	15	5	1	1	3	0
fat001715	15	5	0	0	2	6
fat001716	10	4	1	1	2	1
fat001717	4	5	-1	0	3	1
fat001718	5	5	-1	0	2	1
fat001719	4	5	-1	0	2	1
fat001720	5	7	-1	3	3	0
fat001721	4	3	-1	0	4	1
fat001722	4	5	-1	0	3	1
fat001723	8	5	0	2	2	0
fat001724	16	5	0	1	2	3
fat001725	15	5	-1	0	3	0
fat001726	12	3	0	1	2	0
fat001727	12	6	0	3	3	2
fat001728	9	5	0	1	1	0
fat001729	12	2	-1	5	1	0
fat001730	9	3	-1	1	1	1
fat001731	18	2	0	1	1	0
fat001732	13	6	-1	1	2	1
fat001733	13	2	0	4	1	0
fat001734	0	0	3	0	2	0
fat001735	0	0	6	0	1	0
fat001736	0	1	8	0	0	0
fat001737	0	0	5	1	1	0
fat001738	1	2	2	1	0	0
fat001739	2	1	2	0	0	0
fat001740	0	3	0	1	-2	1
fat001741	2	2	1	1	0	1
fat001742	5	2	0	5	2	0
fat001743	0	3	0	1	3	0
fat001744	2	4	1	1	4	1
fat001745	26	1	0	0	0	0
fat001746	6	14	-1	7	3	0
fat001747	8	6	0	1	2	0
fat001748	9	5	0	2	1	0
fat001749	14	11	-1	5	4	0
fat001750	11	11	0	5	3	0
fat001751	18	11	-1	3	3	0
fat001752	19	12	-1	3	3	0
fat001753	20	11	-1	4	5	1
fat001754	19	11	0	7	3	1
fat001755	19	12	-1	3	3	0
fat001756	17	3	0	2	0	0
fat001757	12	3	0	2	0	0
fat001758	1	4	0	1	1	1
fat001759	19	4	-1	2	2	0
fat001760	11	11	-1	6	3	0
fat001761	11	10	-1	5	3	1
fat001762	9	8	-1	3	1	0
fat001763	11	11	-1	5	3	0
fat001764	8	4	-1	2	1	0
fat001765	9	3	-1	2	2	0
fat001766	12	9	0	5	3	0
fat001767	19	7	-1	2	2	2
fat001768	19	7	-1	2	3	1
fat001769	20	7	-1	4	3	0
fat001770	20	10	-1	5	3	0
fat001771	20	11	-1	5	4	0
fat001772	9	8	-1	3	1	0
fat001773	9	4	-1	3	1	0
fat001774	7	2	0	3	0	0
fat001775	9	3	0	4	1	0
fat001776	11	3	0	0	1	0
fat001777	0	2	1	1	5	0
fat001778	2	2	7	1	1	0
fat001779	5	1	6	2	2	0
fat001780	3	2	2	4	0	0
fat001781	1	5	2	1	0	1
fat001782	1	4	1	1	-1	0
fat001783	2	9	-1	-1	4	1
fat001784	17	3	-1	0	0	0
fat001785	6	8	0	2	3	0
fat001786	8	7	1	0	1	0
fat001787	9	4	-2	2	2	0
fat001788	9	4	-2	0	2	0
fat001789	9	5	-1	2	2	0
fat001790	14	4	0	0	1	0
fat001791	14	5	0	0	0	0
fat001792	14	6	-1	3	2	0
fat001793	13	4	0	2	0	0
fat001794	0	3	0	1	0	0
fat001795	0	0	5	0	2	0
fat001796	0	1	6	2	0	0
fat001797	0	0	14	1	0	0
fat001798	2	3	5	0	0	0
fat001799	0	3	0	0	0	1
fat001800	4	3	4	0	0	0
fat001801	2	2	3	0	0	0
fat001802	1	7	-1	2	2	1
fat001803	15	3	0	5	0	0
fat001804	6	9	0	7	4	1
fat001805	7	3	1	2	0	2
fat001806	8	3	2	3	0	3
fat001807	8	3	0	3	0	2
fat001808	11	9	-1	0	2	0
fat001809	6	3	0	4	2	2
fat001810	7	3	1	1	0	0
fat001811	5	1	1	2	1	0
fat001812	11	4	0	1	0	0
fat001813	11	3	0	0	0	1
fat001814	12	6	0	3	2	0
fat001815	8	6	0	2	2	1
fat001816	9	4	-2	0	1	0
fat001817	9	5	-1	0	1	0
fat001818	8	3	1	3	0	0
fat001819	11	5	2	1	0	0
fat001820	8	3	0	1	0	0
fat001821	13	4	1	3	1	0
fat001822	6	3	1	3	2	1
fat001823	4	2	-1	1	1	0
fat001824	5	3	0	1	1	0
fat001825	3	2	1	6	1	0
fat001826	3	2	0	5	0	0
fat001827	3	8	0	4	0	0
fat001828	9	9	-1	4	2	0
fat001829	3	4	-1	3	1	0
fat001830	15	7	1	3	0	1
fat001831	13	12	3	1	2	0
fat001832	12	5	-1	1	2	1
fat001833	0	0	5	0	2	0
fat001834	2	0	1	2	0	1
fat001835	6	2	2	0	0	0
fat001836	1	3	0	0	0	0
fat001837	3	2	1	0	1	1
fat001838	0	10	0	-1	4	0
fat001839	29	1	1	1	0	0
fat001840	12	2	1	1	0	0
fat001841	3	3	1	1	0	0
fat001842	0	23	-1	0	1	0
fat001843	1	12	-1	0	1	0
fat001844	2	7	0	1	1	0
fat001845	0	6	0	1	1	0
fat001846	2	12	1	0	1	2
fat001847	2	12	0	0	0	1
fat001848	2	12	0	0	1	1
fat001849	1	12	0	1	1	0
fat001850	2	0	0	4	10	0
fat001851	3	2	-1	0	5	0
fat001852	1	1	1	2	3	0
fat001853	3	2	2	1	-1	0
fat001854	0	9	0	-2	2	0
fat001855	1	26	-1	0	1	0
fat001856	1	26	-1	0	1	0
fat001857	1	26	-1	0	1	0
fat001858	1	26	-1	0	1	0
fat001859	1	26	-1	0	1	0
fat001860	1	26	-1	0	1	0
fat001861	3	14	0	1	1	0
fat001862	0	11	0	1	1	0
fat001863	2	17	3	0	0	2
fat001864	3	7	3	1	0	2
fat001865	0	12	0	0	1	0
fat001866	0	12	0	0	0	0
fat001867	0	12	0	0	2	1
fat001868	1	11	0	0	0	1
fat001869	1	11	0	0	0	1
fat001870	3	6	0	2	4	0
fat001871	3	6	0	1	0	1
fat001872	0	7	0	-2	3	0
fat001873	2	13	-1	1	0	0
fat001874	3	7	1	0	0	1
fat001875	0	13	1	-1	1	6
fat001876	2	9	0	1	0	0
fat001877	4	18	-1	0	1	0
fat001878	0	9	1	-1	1	0
fat001879	0	9	1	-1	1	1
fat001880	0	7	0	1	1	0
fat001881	0	7	0	2	0	0
fat001882	3	6	0	0	0	0
fat001883	0	9	0	0	1	0
fat001884	0	9	0	0	1	0
fat001885	0	9	0	0	1	0
fat001886	1	5	0	0	2	0
fat001887	0	3	0	0	3	1
fat001888	1	1	0	0	1	0
fat001889	0	1	1	0	2	0
fat001890	1	10	0	-2	4	1
fat001891	1	13	2	0	2	1
fat001892	3	12	1	1	2	1
fat001893	3	12	1	0	1	1
fat001894	2	12	1	0	1	1
fat001895	2	13	1	0	2	1
fat001896	0	13	2	1	2	1
fat001897	1	12	5	0	2	1
fat001898	4	12	1	1	1	1
fat001899	1	14	1	0	1	0
fat001900	1	14	2	0	1	1
fat001901	1	15	1	0	1	0
fat001902	1	14	1	0	1	0
fat001903	3	24	-1	2	2	0
fat001904	0	11	0	1	1	0
fat001905	0	11	0	0	1	0
fat001906	0	11	0	0	1	0
fat001907	0	11	0	0	1	0
fat001908	0	12	-1	2	2	0
fat001909	1	16	0	2	0	0
fat001910	0	14	-1	2	1	0
fat001911	0	6	1	0	0	0
fat001912	0	15	2	0	1	1
fat001913	0	16	2	0	1	1
fat001914	0	16	0	0	1	1
fat001915	0	15	0	0	1	1
fat001916	2	8	1	3	0	1
fat001917	2	11	2	1	1	0
fat001918	1	8	2	1	1	1
fat001919	0	11	0	1	2	0
fat001920	0	5	0	0	3	0
fat001921	0	11	1	0	1	0
fat001922	5	3	5	0	3	0
fat001923	0	3	4	1	1	0
fat001924	0	2	0	0	2	0
fat001925	0	6	2	2	1	0
fat001926	3	3	-1	3	2	0
fat001927	1	3	1	1	2	0
fat001928	0	2	2	1	0	1
fat001929	1	10	0	-2	4	0
fat001930	2	12	0	1	0	0
fat001931	0	15	0	3	0	1
fat001932	1	8	-1	4	0	0
fat001933	1	3	0	1	1	1
fat001934	1	19	-1	1	1	0
fat001935	1	7	0	3	2	0
fat001936	0	8	2	1	0	0
fat001937	1	10	-1	2	2	0
fat001938	0	13	0	2	0	0
fat001939	0	0	11	0	4	0
fat001940	0	3	1	3	2	0
fat001941	0	1	3	0	1	0
fat001942	0	8	0	-1	3	0
fat001943	3	12	2	-1	1	6
fat001944	4	12	1	-1	1	5
fat001945	2	12	0	-1	1	5
fat001946	0	10	0	2	1	0
fat001947	0	3	1	0	0	0
fat001948	-1	9	0	-1	0	0
fat001949	-1	12	0	-1	0	0
fat001950	0	1	1	-1	3	2
fat001951	0	7	2	3	2	0
fat001952	0	2	0	0	0	0
fat001953	1	3	-1	4	2	0
fat001954	4	0	3	1	0	0
fat001955	2	1	-1	3	2	0
fat001956	0	10	0	-2	4	0
fat001957	29	1	1	1	0	0
fat001958	2	25	1	3	1	0
fat001959	1	14	1	1	0	0
fat001960	0	13	-1	2	0	0
fat001961	0	12	-1	0	2	0
fat001962	1	14	2	1	2	1
fat001963	2	11	1	1	0	0
fat001964	0	9	1	3	1	2
fat001965	3	11	1	1	0	1
fat001966	0	12	-1	0	1	0
fat001967	1	4	-1	1	0	0
fat001968	2	9	0	3	1	0
fat001969	0	7	-1	2	2	0
fat001970	0	8	0	0	1	1
fat001971	0	9	1	2	0	0
fat001972	0	21	-1	1	1	2
fat001973	1	8	1	1	1	0
fat001974	1	7	0	1	0	0
fat001975	1	16	1	8	1	2
fat001976	0	11	2	5	2	0
fat001977	1	13	1	-1	1	6
fat001978	2	13	1	2	0	0
fat001979	2	8	0	1	0	0
fat001980	1	11	1	0	1	3
fat001981	1	8	0	0	1	1
fat001982	1	10	-1	1	0	1
fat001983	0	4	1	1	-1	0
fat001984	0	8	-1	3	1	0
fat001985	1	10	1	0	0	3
fat001986	0	1	0	0	1	0
fat001987	0	2	0	0	0	0
fat001988	0	13	1	2	1	2
fat001989	0	1	0	0	0	0
fat001990	0	4	1	0	0	0
fat001991	0	2	0	3	0	0
fat001992	1	3	0	0	0	1
fat001993	2	12	1	1	0	0
fat001994	0	15	0	1	1	1
fat001995	0	6	1	4	0	0
fat001996	1	12	-1	2	0	0
fat001997	0	11	1	0	1	0
fat001998	0	0	6	0	2	0
fat001999	0	0	2	0	1	0
fat002000	0	0	2	0	0	0
fat002001	3	3	2	1	0	0
fat002002	0	3	0	1	3	0
fat002003	1	11	0	-2	4	0
fat002004	29	1	1	1	0	0
fat002005	0	5	-1	1	1	0
fat002006	3	21	-1	0	2	0
fat002007	0	11	0	2	0	0
fat002008	0	21	-1	0	1	0
fat002009	0	22	-1	1	1	0
fat002010	0	15	0	0	3	1
fat002011	0	14	0	4	1	1
fat002012	1	23	-1	1	1	0
fat002013	0	7	0	0	0	0
fat002014	1	11	-2	9	1	0
fat002015	1	10	0	0	0	0
fat002016	1	4	0	0	1	1
fat002017	2	14	-1	1	1	0
fat002018	3	8	-1	1	1	1
fat002019	0	14	-1	0	1	0
fat002020	2	14	-1	0	1	0
fat002021	1	4	0	1	1	0
fat002022	0	12	0	0	1	0
fat002023	1	8	0	0	2	0
fat002024	1	3	0	0	0	2
fat002025	0	12	0	0	1	1
fat002026	0	3	0	2	0	0
fat002027	1	10	0	0	1	0
fat002028	1	9	-1	0	0	0
fat002029	1	10	0	1	1	0
fat002030	1	3	1	4	1	0
fat002031	0	2	4	1	5	0
fat002032	0	3	1	1	0	0
fat002033	2	6	2	2	2	0
fat002034	0	4	0	4	1	0
fat002035	3	2	1	2	0	0
fat002036	0	10	0	-2	4	0
fat002037	2	12	0	1	1	0
fat002038	2	12	-1	-2	1	0
fat002039	2	13	0	0	1	0
fat002040	9	7	0	-1	2	0
fat002041	0	18	-1	1	2	0
fat002042	1	18	-1	3	4	0
fat002043	1	23	0	0	1	0
fat002044	0	10	0	1	0	0
fat002045	1	6	0	3	0	0
fat002046	0	19	-1	0	1	0
fat002047	0	11	-2	1	1	0
fat002048	0	7	-1	1	1	0
fat002049	0	3	-1	3	0	0
fat002050	0	0	5	0	2	0
fat002051	0	3	0	0	0	1
fat002052	1	10	0	-2	3	0
fat002053	4	12	0	1	0	1
fat002054	2	13	0	1	0	0
fat002055	1	8	1	1	1	0
fat002056	0	16	0	0	1	0
fat002057	0	13	0	2	1	0
fat002058	2	12	-2	2	0	0
fat002059	1	12	0	1	1	1
fat002060	0	9	0	2	3	0
fat002061	0	9	0	2	0	1
fat002062	3	9	2	1	-1	1
fat002063	1	10	0	1	1	0
fat002064	0	8	0	1	1	1
fat002065	5	9	-1	1	1	0
fat002066	0	11	0	0	0	0
fat002067	0	2	0	1	0	0
fat002068	0	2	1	0	1	0
fat002069	0	11	-1	1	1	0
fat002070	0	11	0	4	1	0
fat002071	0	11	0	4	1	0
fat002072	1	6	0	1	1	0
fat002073	0	8	0	2	1	0
fat002074	1	5	0	0	1	1
fat002075	3	14	-1	3	0	1
fat002076	1	15	2	1	2	0
fat002077	0	14	0	0	0	1
fat002078	1	17	3	2	1	1
fat002079	0	8	2	1	0	0
fat002080	0	1	0	0	2	0
fat002081	1	3	0	0	2	0
fat002082	1	1	0	0	1	0
fat002083	1	2	3	1	0	0
fat002084	0	0	3	1	1	0
fat002086	0	10	0	-1	4	0
fat002087	12	2	1	1	0	0
fat002088	3	7	1	1	0	0
fat002089	0	21	-1	0	1	0
fat002090	2	4	0	2	1	0
fat002091	2	10	1	0	1	2
fat002092	2	10	0	0	1	1
fat002093	2	10	0	0	1	1
fat002094	1	8	0	1	1	0
fat002095	1	8	-1	0	1	0
fat002096	4	2	-1	3	13	0
fat002097	4	3	3	3	2	0
fat002098	0	9	0	-2	2	0
fat002099	29	1	1	1	0	0
fat002100	0	11	-1	0	1	0
fat002101	1	15	0	0	1	0
fat002102	1	26	-1	0	1	0
fat002103	1	26	-1	0	1	0
fat002104	1	26	-1	0	1	0
fat002105	1	26	-1	0	1	0
fat002106	1	26	-1	0	1	0
fat002107	3	12	0	1	1	0
fat002108	0	11	0	1	1	0
fat002109	2	15	3	0	0	2
fat002110	0	12	0	0	1	0
fat002111	0	11	0	0	0	0
fat002112	0	11	0	0	2	1
fat002113	0	10	0	0	1	0
fat002114	0	10	0	0	1	0
fat002115	0	11	0	0	1	0
fat002116	0	7	0	-2	5	0
fat002117	0	15	1	1	1	1
fat002118	0	13	1	0	0	0
fat002119	1	14	1	0	1	2
fat002120	2	16	0	4	0	0
fat002121	2	11	0	1	0	0
fat002122	4	20	-1	0	1	0
fat002123	0	12	0	0	1	0
fat002124	2	11	0	0	2	0
fat002125	2	12	1	0	0	0
fat002126	2	12	1	1	0	0
fat002127	0	12	0	0	1	0
fat002128	0	13	0	0	1	0
fat002129	0	3	0	0	3	1
fat002130	1	2	1	0	2	0
fat002131	1	10	0	-2	4	1
fat002132	1	13	2	0	1	1
fat002133	3	12	1	1	1	1
fat002134	3	12	1	0	1	1
fat002135	2	14	1	0	1	1
fat002136	2	13	1	0	1	1
fat002137	0	13	2	1	1	1
fat002138	1	12	5	0	2	1
fat002139	4	12	1	1	1	1
fat002140	1	14	1	0	0	0
fat002141	1	14	2	0	0	1
fat002142	1	15	1	0	0	0
fat002143	1	14	1	0	0	0
fat002144	1	16	1	0	0	0
fat002145	3	24	-1	2	1	0
fat002146	0	12	0	1	0	0
fat002147	0	10	0	0	0	0
fat002148	0	10	0	0	0	0
fat002149	0	10	0	0	0	0
fat002150	0	11	-1	2	0	0
fat002151	1	14	0	2	0	0
fat002152	0	13	-1	2	0	0
fat002153	0	15	1	0	0	0
fat002154	0	15	2	0	0	1
fat002155	0	16	2	0	0	1
fat002156	0	17	0	0	0	1
fat002157	1	11	0	2	1	1
fat002158	2	15	1	2	0	1
fat002159	2	13	2	2	0	0
fat002160	1	11	2	1	0	1
fat002161	0	11	0	1	2	0
fat002162	0	11	0	0	1	0
fat002163	0	13	1	0	0	0
fat002164	5	3	5	0	3	0
fat002165	0	3	4	1	1	0
fat002166	0	7	2	2	3	0
fat002167	1	2	-1	3	1	0
fat002168	2	1	-1	3	2	0
fat002169	1	11	0	-2	4	0
fat002170	2	14	0	1	0	0
fat002171	0	14	0	2	0	1
fat002172	2	12	-1	5	1	1
fat002173	2	21	-1	3	3	0
fat002174	0	11	2	1	0	0
fat002175	0	0	11	0	4	0
fat002176	0	4	3	3	2	0
fat002177	0	8	0	-1	3	0
fat002178	4	12	2	-1	0	6
fat002179	5	11	1	-1	0	5
fat002180	2	11	0	-1	0	5
fat002181	0	10	0	1	1	0
fat002182	0	11	1	0	0	0
fat002183	-1	11	0	-1	0	0
fat002184	-1	12	0	-1	0	0
fat002185	1	13	1	3	1	0
fat002186	0	11	0	1	0	0
fat002187	0	1	1	-1	3	2
fat002188	0	7	2	3	2	0
fat002189	1	3	0	1	2	0
fat002190	4	2	2	3	0	0
fat002191	0	10	0	-2	4	0
fat002192	0	12	1	1	1	0
fat002193	0	12	-2	1	0	0
fat002194	0	13	-1	2	0	0
fat002195	1	14	2	1	2	1
fat002196	2	11	1	1	0	0
fat002197	0	21	0	3	1	2
fat002198	3	10	1	0	0	1
fat002199	0	11	0	1	0	0
fat002200	2	12	0	3	1	0
fat002201	0	11	0	0	1	1
fat002202	0	11	1	2	0	0
fat002203	0	20	0	-1	1	2
fat002204	1	20	0	0	1	0
fat002205	1	11	-1	1	0	0
fat002206	1	15	-1	4	0	0
fat002207	0	13	2	4	1	0
fat002208	1	12	1	-1	1	6
fat002209	2	11	0	1	0	0
fat002210	1	12	1	0	1	3
fat002211	0	11	0	1	1	0
fat002212	1	12	-1	2	0	0
fat002213	0	10	0	0	0	0
fat002214	0	4	1	2	1	2
fat002215	1	12	1	0	0	0
fat002216	1	11	0	0	0	1
fat002217	0	11	0	3	0	0
fat002218	0	11	0	1	1	0
fat002219	0	11	1	3	-1	0
fat002220	1	13	0	1	1	2
fat002221	0	10	1	4	0	0
fat002222	1	10	-1	2	0	0
fat002223	0	10	1	0	1	0
fat002224	1	12	1	1	0	0
fat002225	2	13	2	0	0	0
fat002226	2	12	2	0	0	0
fat002227	1	0	0	2	2	0
fat002228	0	0	6	0	1	0
fat002229	0	0	1	0	0	0
fat002230	0	1	10	0	1	0
fat002231	0	0	2	1	0	0
fat002232	3	3	2	1	0	0
fat002233	0	3	0	2	1	0
fat002234	0	9	0	-2	3	0
fat002235	6	23	-1	0	3	0
fat002236	3	12	0	0	0	2
fat002237	0	20	-1	0	1	0
fat002238	1	20	-1	0	2	0
fat002239	0	11	-1	0	0	0
fat002240	0	20	0	0	1	0
fat002241	3	12	0	0	0	2
fat002242	0	21	-1	1	1	0
fat002243	0	21	0	4	1	1
fat002244	2	12	-1	1	1	0
fat002245	0	21	-1	0	1	0
fat002246	1	12	0	1	0	0
fat002247	3	10	-1	1	1	1
fat002248	2	11	-1	0	1	0
fat002249	1	10	0	0	0	0
fat002250	0	11	-1	0	1	0
fat002251	0	9	0	0	1	0
fat002252	1	10	0	0	2	0
fat002253	0	11	0	0	1	0
fat002254	0	11	1	0	0	0
fat002255	1	12	0	1	1	0
fat002256	1	11	0	1	1	0
fat002257	0	2	4	1	5	0
fat002258	2	8	3	3	2	0
fat002259	0	10	0	-2	4	0
fat002260	29	1	1	1	0	0
fat002261	4	14	0	-2	0	0
fat002262	0	10	0	1	1	0
fat002263	8	10	0	1	0	0
fat002264	0	11	0	0	0	0
fat002265	2	3	3	0	2	0
fat002266	0	2	-1	1	0	0
fat002267	0	0	10	2	0	0
fat002268	1	3	0	0	0	0
fat002269	1	10	0	-1	3	0
fat002270	2	13	2	0	0	0
fat002271	2	10	0	0	1	0
fat002272	4	14	2	2	3	0
fat002273	3	16	-1	4	0	1
fat002274	2	9	-1	4	0	0
fat002275	0	12	1	0	1	1
fat002276	1	10	0	1	1	1
fat002277	1	10	0	0	0	0
fat002278	0	9	0	0	0	1
fat002279	0	10	1	1	1	0
fat002280	5	10	0	0	0	0
fat002281	0	9	2	0	0	1
fat002282	0	10	0	0	0	0
fat002283	2	10	0	0	0	0
fat002284	0	10	0	1	1	0
fat002285	0	9	0	1	0	0
fat002286	0	10	1	0	1	0
fat002287	0	14	1	-1	1	0
fat002288	0	11	0	1	1	0
fat002289	1	9	1	1	0	0
fat002290	3	11	-1	3	0	1
fat002291	0	11	0	0	0	1
fat002292	1	13	3	2	1	1
fat002293	0	3	0	0	3	0
fat002294	3	2	3	1	2	0
fat002295	0	0	3	1	1	0
fat002296	0	10	0	-1	4	0
fat002297	10	2	1	0	0	0
fat002298	0	10	3	2	2	0
fat002299	2	9	1	1	2	0
fat002300	0	12	1	2	1	0
fat002301	0	12	3	2	3	2
fat002302	2	9	1	1	2	0
fat002303	0	3	1	2	1	0
fat002304	2	13	1	0	0	2
fat002305	1	9	0	1	0	0
fat002306	1	10	-1	0	0	0
fat002307	0	11	1	1	0	1
fat002308	0	9	-1	0	0	1
fat002309	1	11	0	1	1	1
fat002310	0	10	0	0	0	1
fat002311	1	11	2	1	1	0
fat002312	1	1	0	2	1	0
fat002313	1	3	-1	0	0	0
fat002314	0	10	0	0	-3	0
fat002315	0	9	2	3	2	1
fat002316	1	12	0	1	0	0
fat002317	0	9	0	2	0	0
fat002318	2	11	-1	2	1	0
fat002319	4	3	0	2	0	0
fat002320	1	2	0	0	0	1
fat002321	0	11	0	1	3	1
fat002322	0	11	0	1	3	1
fat002323	0	11	0	1	3	1
fat002324	0	11	0	1	3	1
fat002325	0	5	0	1	3	1
fat002326	1	5	-1	2	5	2
fat002327	2	11	1	2	0	0
fat002328	1	0	0	3	9	0
fat002329	3	2	-1	0	5	0
fat002330	1	1	1	2	3	0
fat002331	0	9	0	-2	2	0
fat002332	2	9	0	0	1	0
fat002333	1	4	0	0	0	0
fat002334	1	3	0	1	3	1
fat002335	0	3	0	1	3	1
fat002336	0	3	0	1	3	1
fat002337	0	3	0	1	3	1
fat002338	0	3	0	1	3	1
fat002339	0	0	0	0	3	1
fat002340	1	0	0	0	3	1
fat002341	0	0	0	0	0	0
fat002342	1	2	0	0	4	1
fat002343	3	4	1	1	2	2
fat002344	2	3	3	-1	0	0
fat002345	0	2	0	0	1	0
fat002346	0	2	0	0	1	0
fat002347	0	2	0	0	2	1
fat002348	0	2	0	0	1	0
fat002349	0	2	0	0	1	0
fat002350	0	2	0	0	1	0
fat002351	0	1	0	0	0	0
fat002352	1	1	0	1	1	1
fat002353	1	2	-1	4	2	0
fat002354	0	0	8	0	2	0
fat002355	2	1	5	0	1	0
fat002356	3	4	3	3	1	0
fat002357	0	7	0	-2	3	0
fat002358	11	2	1	1	0	0
fat002359	1	4	1	0	1	2
fat002360	1	4	0	0	1	2
fat002361	2	6	1	2	0	0
fat002362	0	2	-1	0	1	0
fat002363	2	6	2	2	1	0
fat002364	1	4	1	2	0	0
fat002365	2	4	0	1	1	1
fat002366	2	0	0	0	0	0
fat002367	3	2	2	0	1	0
fat002368	2	5	1	1	1	0
fat002369	0	3	0	0	2	0
fat002370	0	3	0	0	2	0
fat002371	0	3	0	0	2	0
fat002372	0	2	0	0	1	0
fat002373	1	1	0	0	0	0
fat002374	0	2	0	0	0	0
fat002375	1	4	3	0	0	0
fat002376	1	0	0	0	0	0
fat002377	0	2	0	0	0	0
fat002378	0	1	-2	1	0	0
fat002379	0	1	1	1	2	0
fat002380	0	2	0	0	1	0
fat002381	1	4	1	0	1	0
fat002382	1	2	-1	0	0	0
fat002383	4	3	0	0	0	1
fat002384	4	4	0	2	0	1
fat002385	1	4	0	0	4	1
fat002386	0	1	1	2	3	0
fat002387	1	10	0	-1	4	1
fat002388	35	2	2	1	0	0
fat002389	4	2	4	2	0	1
fat002390	3	3	1	1	1	1
fat002391	2	5	2	0	1	1
fat002392	1	6	2	0	0	1
fat002393	0	2	1	1	1	0
fat002394	0	4	1	0	0	0
fat002395	0	3	0	0	0	0
fat002396	0	3	1	1	0	0
fat002397	0	1	1	0	0	0
fat002398	2	2	0	0	1	0
fat002399	0	2	1	0	1	1
fat002400	0	0	-1	3	0	0
fat002401	3	9	0	2	0	0
fat002402	2	3	1	0	0	0
fat002403	0	4	1	0	0	0
fat002404	2	2	4	0	0	0
fat002405	4	3	2	1	1	1
fat002406	0	6	1	1	0	1
fat002407	1	1	0	0	1	1
fat002408	2	2	1	0	0	0
fat002409	0	0	0	0	0	0
fat002410	2	3	1	2	0	1
fat002411	1	2	2	1	0	1
fat002412	3	3	0	0	0	0
fat002413	0	5	2	1	0	0
fat002414	0	1	0	0	2	0
fat002415	2	1	1	1	1	0
fat002416	1	0	-1	2	1	0
fat002417	1	3	-1	2	2	0
fat002418	0	1	0	2	1	0
fat002419	3	2	4	1	4	0
fat002420	1	4	-1	6	1	0
fat002421	2	2	0	1	2	0
fat002422	0	10	0	-2	4	0
fat002423	2	2	0	0	0	1
fat002424	0	1	0	0	1	0
fat002425	2	2	0	0	0	0
fat002426	2	2	0	0	0	0
fat002427	0	3	1	0	0	1
fat002428	0	1	0	0	0	0
fat002429	1	3	0	1	0	0
fat002430	1	0	0	3	2	0
fat002431	0	2	2	1	0	0
fat002432	0	4	0	1	0	0
fat002433	1	1	0	1	0	0
fat002434	2	0	-1	0	0	0
fat002435	2	3	0	1	1	0
fat002436	2	5	1	0	0	0
fat002437	0	2	1	0	0	0
fat002438	1	2	0	3	0	0
fat002439	0	2	0	0	0	0
fat002440	0	0	10	1	2	0
fat002441	0	0	6	0	0	0
fat002442	2	1	2	1	1	0
fat002443	0	1	1	0	1	0
fat002444	0	8	0	-1	3	0
fat002445	35	2	2	1	0	0
fat002446	3	1	2	-1	0	6
fat002447	3	1	1	-1	0	6
fat002448	3	1	1	-1	0	6
fat002449	3	1	1	-1	0	6
fat002450	0	1	0	1	1	0
fat002451	3	1	2	0	1	2
fat002452	3	1	1	0	1	2
fat002453	3	1	1	0	1	2
fat002454	3	1	1	0	1	2
fat002455	2	1	1	0	0	1
fat002456	0	2	1	0	0	0
fat002457	-1	1	0	-1	0	0
fat002458	-1	2	0	-1	0	0
fat002459	2	2	0	1	0	1
fat002460	0	0	1	2	0	1
fat002461	2	1	-1	2	1	0
fat002462	3	4	1	1	4	0
fat002463	0	4	-1	0	2	0
fat002464	2	0	0	4	3	0
fat002465	35	2	2	1	0	0
fat002466	0	2	2	1	1	0
fat002467	1	2	1	0	1	1
fat002468	0	2	1	-1	1	1
fat002469	1	1	0	-1	1	1
fat002470	4	2	7	1	0	2
fat002471	4	3	3	1	1	0
fat002472	0	0	0	0	0	0
fat002473	0	3	1	2	1	2
fat002474	1	7	0	4	1	0
fat002475	1	1	1	0	0	0
fat002476	2	1	0	0	0	0
fat002477	0	3	0	1	0	0
fat002478	0	1	0	0	1	0
fat002479	0	7	-1	1	1	1
fat002480	1	1	0	0	0	1
fat002481	2	1	1	0	0	0
fat002482	2	1	1	0	0	0
fat002483	0	2	1	1	0	2
fat002484	3	1	1	0	0	1
fat002485	0	2	0	-1	1	1
fat002486	0	2	1	1	0	0
fat002487	0	1	1	4	0	0
fat002488	2	0	1	4	1	2
fat002489	1	1	0	0	0	1
fat002490	0	6	0	1	1	1
fat002491	1	0	-1	2	0	0
fat002492	0	2	1	0	1	0
fat002493	1	2	1	1	0	0
fat002494	0	1	0	1	0	0
fat002495	1	1	-1	2	1	0
fat002496	0	1	0	2	3	0
fat002497	0	2	0	4	0	0
fat002498	0	2	1	0	0	0
fat002499	1	4	0	4	1	0
fat002500	2	2	-1	1	0	0
fat002501	0	3	0	2	1	0
fat002502	0	1	0	1	0	0
fat002503	1	1	0	1	-1	0
fat002504	0	2	0	4	1	1
fat002505	1	0	0	0	0	0
fat002506	2	1	6	0	2	0
fat002507	1	5	3	1	-1	0
fat002508	2	1	-1	6	2	0
fat002509	0	10	0	-2	4	0
fat002510	1	1	0	2	1	0
fat002511	1	1	0	2	1	0
fat002512	0	1	0	0	2	0
fat002513	2	2	2	3	0	0
fat002514	0	1	0	0	1	1
fat002515	0	1	0	0	1	1
fat002516	0	1	0	0	1	1
fat002517	1	3	0	2	1	0
fat002518	1	5	1	1	2	0
fat002519	0	6	-1	1	1	0
fat002520	5	4	1	2	2	1
fat002521	5	4	1	2	2	1
fat002522	0	3	0	0	0	0
fat002523	1	0	-1	1	0	0
fat002524	0	5	0	1	0	0
fat002525	0	4	1	4	0	1
fat002526	0	4	0	1	0	0
fat002527	1	2	1	1	1	0
fat002528	1	2	1	0	1	0
fat002529	1	2	0	1	1	0
fat002530	1	2	0	1	1	0
fat002531	0	1	1	0	0	0
fat002532	0	2	-1	2	3	0
fat002533	3	3	0	2	1	0
fat002534	0	2	1	2	1	0
fat002535	2	6	0	1	1	0
fat002536	0	0	0	2	0	0
fat002537	0	0	0	0	1	0
fat002538	0	2	0	1	0	0
fat002539	2	2	-1	0	0	0
fat002540	2	0	1	1	0	0
fat002541	0	0	0	0	2	0
fat002542	1	2	0	2	0	0
fat002543	3	2	-1	3	0	0
fat002544	1	1	1	2	2	0
fat002545	0	3	0	2	2	0
fat002546	0	2	0	0	0	0
fat002547	1	4	1	1	1	0
fat002548	2	4	1	1	2	0
fat002549	0	3	0	8	2	0
fat002550	0	2	0	2	1	0
fat002551	0	10	0	-2	4	0
fat002552	35	2	2	1	0	0
fat002553	2	1	0	0	0	0
fat002554	3	3	0	0	0	0
fat002555	1	1	0	1	0	0
fat002556	0	3	0	0	0	1
fat002557	2	3	2	1	0	0
fat002558	0	4	-1	1	0	0
fat002559	0	9	0	-1	3	0
fat002560	27	1	0	1	0	0
fat002561	10	3	1	0	0	1
fat002562	4	2	0	1	0	0
fat002563	0	3	1	0	1	1
fat002564	0	3	2	0	1	1
fat002565	0	4	2	1	1	1
fat002566	1	0	0	0	1	1
fat002567	0	4	0	1	1	1
fat002568	1	2	2	1	1	1
fat002569	0	2	0	0	1	1
fat002570	1	0	1	2	0	1
fat002571	0	2	2	0	1	0
fat002572	0	1	1	1	0	0
fat002573	2	1	0	0	1	0
fat002574	0	2	1	-1	0	0
fat002575	0	3	0	0	0	0
fat002576	0	2	0	1	1	0
fat002577	2	2	0	4	2	0
fat002578	0	3	0	3	0	0
fat002579	0	0	0	0	1	0
fat002580	1	0	-1	0	0	1
fat002581	0	4	0	0	0	1
fat002582	0	5	0	1	0	1
fat002583	3	4	0	0	0	0
fat002584	1	0	1	0	0	0
fat002585	0	0	2	1	0	1
fat002586	-1	0	0	1	2	0
fat002587	-1	0	0	1	0	1
fat002588	0	0	0	0	0	0
fat002589	-1	0	0	0	0	0
fat002590	0	0	0	3	0	-1
fat002591	-1	0	0	1	0	0
fat002592	0	0	0	0	3	0
fat002593	0	0	-1	1	1	0
fat002594	0	0	1	4	1	0
fat002595	0	0	-1	2	0	0
fat002596	0	0	1	0	0	1
fat002597	0	0	-1	0	0	0
fat002598	1	0	0	1	0	0
fat002599	0	2	0	0	2	0
fat002600	0	0	0	0	0	0
fat002601	0	0	0	0	0	0
fat002602	1	0	-1	1	0	0
fat002603	0	0	-1	0	0	0
fat002604	0	2	0	3	0	0
fat002605	1	1	0	0	0	-1
fat002606	0	2	-1	0	0	-1
fat002607	0	2	0	0	0	1
fat002608	1	1	0	4	1	0
fat002609	1	2	1	2	0	0
fat002610	0	0	0	2	0	0
fat002611	0	0	0	0	0	0
fat002612	0	2	0	2	1	0
fat002613	0	0	0	1	1	0
fat002614	1	0	0	1	1	1
fat002615	0	0	0	0	1	0
fat002616	1	0	1	1	0	0
fat002617	0	0	0	0	0	0
fat002618	0	1	0	1	2	0
fat002619	0	2	0	0	0	0
fat002620	0	1	1	1	0	0
fat002621	2	0	0	0	0	0
fat002622	0	1	0	1	0	0
fat002623	0	0	0	0	0	0
fat002624	0	0	0	1	0	0
fat002625	3	1	0	1	1	0
fat002626	2	0	0	1	1	0
fat002627	0	2	0	1	1	0
fat002628	0	0	0	1	0	0
fat002629	0	1	1	1	0	0
fat002630	0	0	0	0	0	0
fat002631	0	1	0	1	0	0
fat002632	1	1	0	2	0	0
fat002633	0	1	0	1	0	0
fat002634	0	0	0	1	2	0
fat002635	0	0	0	1	1	0
fat002636	1	0	1	0	0	0
fat002637	0	2	0	0	0	0
fat002638	0	0	0	0	1	0
fat002639	0	1	0	1	1	0
fat002640	0	1	0	1	2	0
fat002641	1	1	1	0	0	0
fat002642	0	0	-1	0	1	0
fat002643	0	0	0	4	1	0
fat002644	0	0	0	0	1	0
fat002645	1	1	0	2	0	0
fat002646	0	0	0	0	0	0
fat002647	0	0	0	1	1	0
fat002648	0	1	0	1	1	0
fat002649	0	2	0	1	0	0
fat002650	0	0	-1	0	0	0
fat002651	0	0	0	0	1	0
fat002652	0	0	0	0	1	0
fat002653	0	0	0	0	1	0
fat002654	0	1	0	0	1	0
fat002655	0	1	0	0	1	0
fat002656	1	0	0	2	0	0
fat002657	0	2	0	1	0	0
fat002658	0	1	-1	1	0	0
fat002659	0	0	0	4	1	0
fat002660	0	0	0	2	1	0
fat002661	1	0	0	1	1	1
fat002662	0	4	1	2	1	0
fat002663	0	0	0	1	2	0
fat002664	0	2	0	2	0	0
fat002665	1	0	-1	0	0	0
fat002666	0	0	1	1	1	0
fat002667	1	1	-1	1	1	0
fat002668	0	1	0	0	2	0
fat002669	0	1	0	0	0	0
fat002670	0	1	0	2	3	0
fat002671	1	0	-1	4	1	0
fat002672	1	4	0	3	0	0
fat002673	1	1	0	2	0	0
fat002674	0	5	0	2	0	0
fat002675	0	2	0	0	1	0
fat002676	0	1	0	0	0	0
fat002677	0	3	0	0	0	0
fat002678	0	0	1	0	0	0
fat002679	0	3	0	1	0	0
fat002680	0	1	0	0	0	0
fat002681	0	2	1	0	0	0
fat002682	2	1	0	0	0	-1
fat002683	3	2	0	0	0	1
fat002684	0	0	1	0	0	0
fat002685	2	3	1	0	0	1
fat002686	0	0	1	0	3	0
fat002687	0	2	0	2	2	0
fat002688	2	3	1	1	1	1
fat002689	0	3	0	0	0	0
fat002690	0	6	1	1	1	0
fat002691	0	3	-1	1	1	-1
fat002692	-1	1	0	-1	0	-1
fat002693	0	4	2	2	1	0
fat002694	0	1	0	1	0	0
fat002695	0	2	1	2	1	0
fat002696	1	5	2	3	0	1
fat002697	1	2	0	1	1	1
fat002698	0	1	1	1	1	1
fat002699	0	3	1	1	0	1
fat002700	1	0	0	1	1	0
fat002701	0	1	1	0	2	0
fat002702	1	2	0	5	2	0
fat002703	1	3	0	0	0	0
fat002704	0	4	0	0	1	0
fat002705	1	3	0	0	1	0
fat002706	1	4	0	1	1	0
fat002707	0	1	0	4	0	0
fat002708	0	1	0	0	0	0
fat002709	0	2	0	1	0	0
fat002710	2	2	0	0	0	0
fat002711	0	5	2	0	0	1
fat002712	0	3	-1	1	0	0
fat002713	-2	2	0	2	1	0
fat002714	0	1	0	-1	0	0
fat002715	0	1	1	-2	2	0
fat002716	1	0	0	1	0	0
fat002717	0	1	0	0	1	0
fat002718	0	0	0	1	2	0
fat002719	0	3	0	0	1	0
fat002720	0	1	0	0	0	1
fat002721	3	3	2	5	1	0
fat002722	0	0	0	0	3	0
fat002723	3	2	1	6	2	1
fat002724	1	3	-1	4	3	0
fat002725	2	6	2	3	2	1
fat002726	0	4	0	4	0	0
fat002727	1	3	0	0	0	0
fat002728	2	6	0	4	1	0
fat002729	0	3	-1	0	0	0
fat002730	1	2	-4	2	0	-2
fat002731	2	2	-5	3	0	-4
fat002732	0	3	1	2	0	0
fat002733	1	2	1	1	2	0
fat002734	0	3	0	0	2	1
fat002735	0	2	1	0	0	0
fat002736	0	3	0	0	2	0
fat002737	3	5	1	3	3	2
fat002738	2	2	2	-2	3	2
fat002739	1	2	2	3	0	0
fat002740	6	3	2	2	0	1
fat002741	1	1	0	1	1	-2
fat002742	0	1	0	3	1	-1
fat002743	0	5	0	2	1	-1
fat002744	0	0	0	0	3	0
fat002745	1	5	2	1	4	1
fat002746	2	4	2	3	3	0
fat002747	0	0	0	0	2	0
fat002748	0	0	1	3	2	0
fat002749	0	2	0	0	0	0
fat002750	0	1	0	0	0	0
fat002751	0	0	0	0	0	0
fat002752	0	0	0	2	1	0
fat002753	0	4	1	-1	0	2
fat002754	0	0	0	0	1	0
fat002755	0	1	0	0	1	0
fat002756	0	0	1	2	1	0
fat002757	1	2	1	-1	1	2
fat002758	0	3	0	0	2	0
fat002759	1	3	1	2	0	1
fat002760	0	0	2	0	0	0
fat002761	1	2	1	2	0	0
fat002762	0	3	1	1	0	1
fat002763	0	1	1	1	0	1
fat002764	1	0	1	0	0	1
fat002765	1	2	0	0	1	0
fat002766	0	3	1	0	2	1
fat002767	1	5	0	0	1	0
fat002768	0	2	0	-1	0	0
fat002769	0	0	-1	0	1	0
fat002770	0	2	0	1	2	0
fat002771	0	4	0	4	2	1
fat002772	0	3	1	5	2	1
fat002773	2	3	3	2	2	1
fat002774	0	1	1	1	1	1
fat002775	0	3	0	1	0	1
fat002776	0	1	0	-1	0	0
fat002777	0	2	1	0	0	1
fat002778	-1	1	1	0	0	1
fat002779	0	3	-1	0	0	-1
fat002780	0	3	0	0	0	0
fat002781	0	1	-1	0	0	-1
fat002782	1	2	-1	1	3	0
fat002783	0	1	1	1	3	0
fat002784	0	2	0	0	1	0
fat002785	0	5	0	3	1	0
fat002786	0	2	0	1	0	0
fat002787	0	7	1	1	0	2
fat002788	2	2	-1	3	2	0
fat002789	1	1	1	-1	2	2
fat002790	-1	1	0	2	2	0
fat002791	2	1	1	5	1	0
fat002792	0	4	-1	7	0	0
fat002793	0	5	-1	1	1	0
fat002794	2	4	2	5	3	0
fat002795	0	4	0	0	-1	0
fat002796	0	1	-1	4	3	0
fat002797	0	2	-1	1	2	0
fat002798	2	4	0	1	0	-1
fat002799	0	1	0	1	1	0
fat002800	2	5	-1	4	2	0
fat002801	0	7	-1	11	1	-1
fat002802	3	5	0	0	0	1
fat002803	2	4	-2	7	2	-1
fat002804	1	1	1	0	3	0
fat002805	0	0	0	0	2	0
fat002806	0	3	0	2	1	0
fat002807	-1	4	0	0	1	0
fat002808	0	2	0	0	1	0
fat002809	0	7	3	1	1	0
fat002810	0	2	0	0	0	0
fat002811	0	2	1	0	0	0
fat002812	1	5	0	1	0	0
fat002813	0	4	1	3	1	0
fat002814	1	4	2	1	2	0
fat002815	2	4	3	3	1	1
fat002816	0	0	0	0	1	0
fat002817	1	2	0	0	1	0
fat002818	0	0	-1	0	0	0
fat002819	0	2	0	0	0	0
fat002820	0	3	0	0	1	0
fat002821	0	0	0	1	0	0
fat002822	0	3	0	2	1	0
fat002823	1	2	1	1	0	0
fat002824	0	0	0	0	3	0
fat002825	0	0	0	3	1	0
fat002826	0	0	-1	2	0	0
fat002827	0	2	0	2	1	-1
fat002828	0	0	0	1	0	0
fat002829	0	2	1	3	1	0
fat002830	1	0	1	0	0	0
fat002831	0	8	1	2	1	0
fat002832	0	1	0	0	0	1
fat002833	1	4	1	4	0	0
fat002834	0	0	0	2	0	1
fat002835	0	2	-1	0	0	0
fat002836	0	1	0	1	0	0
fat002837	0	7	2	0	0	0
fat002838	0	1	1	0	0	1
fat002839	0	0	0	2	0	0
fat002840	0	4	1	0	0	0
fat002841	0	2	0	4	0	0
fat002842	0	1	0	1	0	0
fat002843	0	0	0	3	1	0
fat002844	0	2	0	1	0	0
fat002845	0	1	0	1	2	0
fat002846	0	3	0	1	2	1
fat002847	0	1	-2	0	1	0
fat002848	0	0	-1	0	1	0
fat002849	0	1	-2	0	1	0
fat002850	0	0	-1	1	1	0
fat002851	0	0	-1	0	1	0
fat002852	0	2	-1	0	1	0
fat002853	0	0	-1	0	2	0
fat002854	3	2	1	0	1	1
fat002855	2	1	-1	1	5	0
fat002856	4	2	-1	3	13	0
fat002857	1	1	1	2	3	0
fat002858	14	3	-1	2	1	0
fat002859	2	2	0	2	1	0
fat002860	5	1	0	1	4	0
fat002861	1	2	1	2	2	0
fat002862	1	3	2	1	2	1
fat002863	3	3	0	0	1	2
fat002864	0	4	1	3	2	1
fat002865	0	6	1	1	1	1
fat002866	0	5	2	1	0	0
fat002867	0	1	0	1	0	0
fat002868	0	3	1	1	0	0
fat002869	0	1	0	2	0	0
fat002870	0	2	0	1	0	0
fat002871	0	1	0	1	0	0
fat002872	0	1	0	2	2	1
fat002873	0	4	1	2	1	1
fat002874	1	5	0	2	2	0
fat002875	0	1	0	2	1	1
fat002876	0	7	1	1	2	1
fat002877	0	6	0	1	1	1
fat002878	0	3	1	1	1	0
fat002879	1	1	0	0	1	0
fat002880	0	5	0	1	1	0
fat002881	0	5	0	0	0	0
fat002882	0	2	1	3	0	1
fat002883	3	3	1	0	0	2
fat002884	0	6	0	1	1	0
fat002885	0	3	0	-1	3	0
fat002886	-1	2	-1	0	2	0
fat002887	0	4	0	2	3	0
fat002888	3	3	0	1	2	1
fat002889	0	1	0	1	-1	0
fat002890	0	6	-1	3	1	1
fat002891	0	3	0	0	1	1
fat002892	4	6	0	0	1	1
fat002893	0	2	0	0	0	0
fat002894	1	1	0	1	2	1
fat002895	0	1	1	0	2	0
fat002896	2	4	0	3	1	0
fat002897	0	3	1	0	1	1
fat002898	0	3	0	0	1	1
fat002899	1	1	0	0	1	0
fat002900	1	7	-1	-2	3	1
fat002901	18	2	-1	1	1	0
fat002902	1	6	0	1	3	1
fat002903	0	0	0	0	2	0
fat002904	1	1	1	2	0	0
fat002905	2	1	0	5	1	1
fat002906	1	3	-1	4	3	0
fat002907	2	6	0	2	1	1
fat002908	0	4	0	4	0	0
fat002909	1	6	0	0	0	0
fat002910	2	6	0	4	1	0
fat002911	1	2	-4	2	0	-2
fat002912	2	2	-5	3	0	-4
fat002913	1	2	1	1	2	0
fat002914	0	3	0	0	0	1
fat002915	0	1	1	0	0	0
fat002916	0	3	0	0	2	0
fat002917	0	4	1	0	4	1
fat002918	2	0	0	1	0	1
fat002919	1	1	0	2	0	0
fat002920	2	2	2	-2	3	2
fat002921	1	1	0	1	1	-2
fat002922	0	2	0	3	1	-1
fat002923	0	5	0	2	1	0
fat002924	5	3	5	0	1	0
fat002925	1	2	-1	3	1	0
fat002926	2	1	-1	3	2	0
fat002927	0	2	2	0	1	1
fat002928	0	0	0	2	0	0
fat002929	1	6	0	-2	2	0
fat002930	20	2	-1	0	1	0
fat002931	5	5	2	2	0	2
fat002932	0	5	2	-1	2	1
fat002933	0	1	0	0	3	0
fat002934	0	1	1	0	1	0
fat002935	1	3	1	0	1	0
fat002936	0	2	1	0	3	0
fat002937	2	5	3	0	3	1
fat002938	-1	2	0	0	3	0
fat002939	0	0	11	0	2	0
fat002940	1	1	8	0	1	0
fat002941	0	4	3	3	2	0
fat002942	0	6	0	0	2	0
fat002943	14	2	-1	0	0	0
fat002944	1	1	0	1	0	0
fat002945	3	2	0	0	1	0
fat002946	1	1	0	3	5	0
fat002947	1	1	0	1	1	0
fat002948	0	5	-1	2	1	0
fat002949	2	7	-1	2	2	0
fat002950	0	2	0	2	0	0
fat002951	2	1	-1	1	1	0
fat002952	0	1	1	0	0	1
fat002953	0	1	0	2	0	0
fat002954	0	1	-2	1	0	0
fat002955	0	5	-1	0	2	2
fat002956	0	1	1	1	1	0
fat002957	3	2	0	1	0	0
fat002958	1	1	-1	0	0	2
fat002959	0	1	-1	1	2	0
fat002960	0	1	0	2	0	0
fat002961	1	0	-1	4	0	0
fat002962	0	2	0	2	0	0
fat002963	2	0	-1	0	0	0
fat002964	0	2	-1	1	1	0
fat002965	2	1	0	1	2	1
fat002966	0	7	1	1	0	0
fat002967	1	2	0	2	1	0
fat002968	0	0	1	3	1	1
fat002969	0	0	-2	2	0	0
fat002970	2	4	-1	3	1	0
fat002971	0	1	1	-1	0	2
fat002972	0	7	2	3	3	0
fat002973	1	2	0	1	2	0
fat002974	0	2	-1	3	0	0
fat002975	0	8	-1	2	4	0
fat002976	4	3	-1	1	3	1
fat002977	0	0	0	0	2	0
fat002978	1	2	-1	4	1	0
fat002979	2	1	0	2	0	0
fat002980	0	2	-1	4	0	0
fat002981	0	5	-1	1	1	0
fat002982	1	4	0	1	2	0
fat002983	0	4	-1	1	-1	0
fat002984	0	2	-1	1	2	0
fat002985	0	0	3	0	0	0
fat002986	0	0	4	0	1	0
fat002987	0	0	2	1	0	0
fat002988	3	3	2	1	0	0
fat002989	2	3	1	1	-2	1
fat002990	0	2	1	-2	1	0
fat002991	2	1	0	0	0	0
fat002992	0	0	0	0	1	0
fat002993	0	0	0	2	0	1
fat002994	0	0	0	0	2	0
fat002995	0	1	0	2	2	0
fat002996	27	2	-1	0	0	0
fat002997	6	14	-1	7	3	0
fat002998	0	2	0	2	1	0
fat002999	0	0	6	0	0	0
fat003000	0	0	5	1	1	0
fat003001	0	2	0	1	3	0
fat003002	2	3	1	-2	1	0
fat003003	0	0	0	0	1	0
fat003004	0	0	0	0	2	0
fat003005	0	1	0	2	2	0
fat003006	6	14	-1	7	3	0
fat003007	1	2	0	2	1	0
fat003008	1	3	1	2	3	1
fat003009	1	2	1	0	1	1
fat003010	0	3	0	0	1	1
fat003011	0	5	-1	4	1	0
fat003012	0	2	0	0	0	1
fat003013	0	3	1	2	1	0
fat003014	0	2	3	1	0	0
fat003015	0	1	0	0	0	0
fat003016	0	2	0	1	0	0
fat003017	0	3	0	1	0	0
fat003018	0	4	-1	1	1	0
fat003019	0	0	1	3	0	0
fat003020	0	1	0	0	0	0
fat003021	0	0	-1	2	0	0
fat003022	0	0	5	0	0	0
fat003023	0	0	10	0	0	0
fat003024	0	0	6	1	0	0
fat003025	0	6	-1	2	2	1
fat003026	8	9	0	7	3	1
fat003027	0	1	0	1	3	0
fat003028	0	1	0	0	0	0
fat003029	0	0	0	1	0	0
fat003030	0	1	-1	0	2	0
fat003031	0	2	0	0	0	0
fat003032	0	3	0	0	1	0
fat003033	0	11	1	4	5	0
fat003034	0	5	1	2	1	1
fat003035	0	0	6	0	0	0
fat003036	2	0	0	2	0	1
fat003037	6	2	2	0	0	0
fat003038	3	1	1	0	0	1
fat003039	0	2	0	0	1	0
fat003040	0	10	0	-1	4	0
fat003041	29	1	1	1	0	0
fat003042	12	2	1	1	0	0
fat003043	0	3	-1	2	3	0
fat003044	4	2	-1	3	13	0
fat003045	4	3	3	3	2	0
fat003046	0	9	0	-2	2	0
fat003047	0	2	0	1	1	1
fat003048	0	1	1	0	1	0
fat003049	2	3	-1	1	2	1
fat003050	0	3	0	4	1	0
fat003051	0	3	0	0	1	0
fat003052	1	3	1	2	0	1
fat003053	0	1	0	1	0	1
fat003054	0	2	0	0	3	0
fat003055	0	6	1	1	1	1
fat003056	0	5	0	0	0	0
fat003057	0	0	0	0	0	0
fat003058	3	0	2	0	0	0
fat003059	1	5	1	2	0	0
fat003060	0	4	1	1	0	1
fat003061	0	3	-2	2	0	0
fat003062	0	1	-1	2	2	1
fat003063	0	0	0	0	1	0
fat003064	1	2	0	1	1	0
fat003065	0	2	0	0	1	0
fat003066	0	3	1	1	0	0
fat003067	0	2	0	1	2	0
fat003068	-1	2	-1	3	1	0
fat003069	0	0	0	1	1	0
fat003070	0	7	1	1	1	0
fat003071	0	4	0	1	0	1
fat003072	1	2	1	0	3	0
fat003073	1	5	0	1	2	0
fat003074	0	5	0	0	1	0
fat003075	1	3	2	0	1	1
fat003076	0	1	2	1	4	0
fat003077	-1	2	-1	0	2	0
fat003078	0	4	0	2	3	0
fat003079	0	0	0	1	0	0
fat003080	0	0	0	3	0	0
fat003081	1	2	-1	1	1	0
fat003082	2	3	0	1	3	0
fat003083	1	2	-1	2	0	0
fat003084	0	3	0	0	1	1
fat003085	1	5	0	0	1	0
fat003086	0	5	1	0	0	1
fat003087	0	0	2	1	2	0
fat003088	2	1	1	2	1	1
fat003089	0	1	0	0	2	0
fat003090	4	7	-1	4	4	0
fat003091	0	3	0	0	1	1
fat003092	27	1	0	1	0	0
fat003093	0	0	0	0	2	0
fat003094	3	2	2	6	1	1
fat003095	1	3	-1	2	4	0
fat003096	2	6	0	2	1	1
fat003097	1	6	0	0	0	0
fat003098	2	6	1	3	1	0
fat003099	0	3	-1	0	0	0
fat003100	1	2	-4	2	0	-2
fat003101	2	2	-5	3	0	-4
fat003102	0	3	1	2	0	0
fat003103	1	2	1	1	2	0
fat003104	0	3	0	0	0	1
fat003105	0	1	1	0	0	0
fat003106	0	3	0	0	2	0
fat003107	3	5	1	3	3	2
fat003108	2	2	2	-2	3	2
fat003109	6	4	4	4	0	1
fat003110	1	1	0	1	1	-2
fat003111	0	2	-1	2	2	-3
fat003112	1	7	1	2	2	0
fat003113	4	4	0	1	1	0
fat003114	1	7	-2	3	4	-1
fat003115	5	6	0	5	2	0
fat003116	4	5	0	4	4	2
fat003117	1	4	1	2	1	0
fat003118	2	3	-1	3	2	0
fat003119	1	10	0	-2	4	0
fat003120	27	1	0	1	0	0
fat003121	0	2	-1	0	3	0
fat003122	0	5	0	2	7	1
fat003123	1	3	-1	1	1	0
fat003124	1	1	0	2	0	0
fat003125	0	1	-1	5	4	0
fat003126	7	9	1	3	3	0
fat003127	27	1	0	1	0	0
fat003128	0	0	0	0	2	0
fat003129	0	2	-1	1	0	0
fat003130	0	3	-1	2	1	0
fat003131	1	3	1	1	0	1
fat003132	0	3	-1	-1	2	1
fat003133	0	0	-1	0	0	0
fat003134	0	2	0	0	1	0
fat003135	0	3	-1	1	2	0
fat003136	0	1	0	0	0	0
fat003137	0	1	1	0	0	0
fat003138	1	1	0	1	0	0
fat003139	2	1	0	2	1	0
fat003140	0	1	1	-1	1	2
fat003141	4	2	2	3	0	0
fat003142	0	10	0	-2	4	0
fat003143	0	0	0	0	2	0
fat003144	0	5	0	2	5	0
fat003145	0	3	1	1	1	0
fat003146	0	5	0	0	0	0
fat003147	0	2	0	1	1	0
fat003148	0	1	0	1	0	0
fat003149	1	2	0	1	0	0
fat003150	0	2	0	0	0	1
fat003151	1	0	-1	3	4	0
fat003152	2	3	0	2	4	2
fat003153	2	1	1	2	2	0
fat003154	0	1	-1	4	0	0
fat003155	2	6	4	2	0	0
fat003156	1	4	-1	3	4	0
fat003157	0	1	-1	0	1	0
fat003158	1	3	1	0	2	0
fat003159	1	3	-1	4	0	0
fat003160	1	1	-1	2	2	0
fat003161	0	2	4	1	3	0
fat003162	0	10	0	-2	4	0
fat003163	0	3	0	4	2	0
fat003164	0	2	1	0	0	1
fat003165	2	3	1	0	0	1
fat003166	0	4	0	2	1	0
fat003167	0	5	-1	0	1	0
fat003168	0	3	1	0	1	1
fat003169	0	0	0	0	1	0
fat003170	1	0	1	1	0	0
fat003171	0	3	0	0	0	0
fat003172	1	5	0	3	0	2
fat003173	0	3	-1	2	2	2
fat003174	0	3	0	1	0	0
fat003175	1	0	1	2	0	0
fat003176	0	2	-1	1	0	0
fat003177	1	1	-1	0	0	1
fat003178	0	2	-1	0	1	0
fat003179	0	1	-1	1	1	0
fat003180	0	2	0	0	0	0
fat003181	0	0	-1	2	0	0
fat003182	1	2	2	5	-5	5
fat003183	1	1	-1	5	-3	1
fat003184	1	1	0	2	-3	1
fat003185	1	1	0	7	0	0
fat003186	1	2	0	5	-4	0
fat003187	1	2	0	3	-1	0
fat003188	0	2	0	4	1	1
fat003189	1	3	1	6	0	0
fat003190	1	2	-1	4	-4	0
fat003191	0	0	0	4	2	0
fat003192	0	0	-1	3	1	0
fat003193	0	1	-1	3	-1	0
fat003194	1	2	0	4	-3	0
fat003195	1	2	-1	3	2	3
fat003196	1	3	1	2	3	9
fat003197	2	0	1	0	0	5
fat003198	1	2	0	4	0	3
fat003199	0	3	0	6	1	2
fat003200	0	2	1	4	-7	1
fat003201	1	1	0	1	-1	3
fat003202	1	4	1	2	-3	1
fat003203	1	5	1	4	-6	1
fat003204	1	1	1	0	0	1
fat003205	0	2	0	3	-2	0
fat003206	0	3	0	5	0	0
fat003207	2	3	1	4	-1	0
fat003208	0	4	0	7	0	0
fat003209	0	1	0	1	0	0
fat003210	2	4	0	3	0	0
fat003211	1	6	0	3	0	0
fat003212	2	1	0	1	0	1
fat003213	2	2	0	2	1	1
fat003214	2	2	1	3	1	0
fat003215	3	4	-1	0	1	0
fat003216	2	4	-1	6	2	0
fat003217	1	3	0	5	1	0
fat003218	1	4	0	5	-4	2
fat003219	1	2	-1	3	2	2
fat003220	4	4	0	4	3	12
fat003221	0	3	0	6	1	1
fat003222	1	-1	2	1	-1	2
fat003223	0	1	0	1	1	2
fat003224	0	0	1	2	0	2
fat003225	1	-1	0	2	-1	1
fat003226	0	3	0	1	0	1
fat003227	0	3	1	2	0	3
fat003228	1	1	1	3	0	0
fat003229	0	1	0	4	1	2
fat003230	0	2	1	3	-2	0
fat003231	0	1	0	0	-2	0
fat003232	0	0	0	1	-2	0
fat003233	1	2	0	0	0	0
fat003234	0	4	0	5	0	2
fat003235	0	3	-1	5	-2	1
fat003236	1	2	-1	3	2	3
fat003237	1	3	1	2	3	9
fat003238	3	2	0	4	0	7
fat003239	0	3	0	6	1	2
fat003240	0	5	0	3	-3	2
fat003241	1	0	0	6	-3	2
fat003242	2	1	0	3	-3	1
fat003243	1	1	0	4	0	0
fat003244	0	3	0	3	-3	0
fat003245	0	0	-1	3	0	0
fat003246	1	2	-1	2	-5	2
fat003247	0	2	0	1	-2	1
fat003248	2	3	0	1	0	1
fat003249	0	3	0	0	0	0
fat003250	2	4	-1	1	1	0
fat003251	0	3	0	0	0	0
fat003252	1	2	-1	1	-1	0
fat003253	0	2	0	0	0	0
